Open,High,Low,Close,Volume
4556.39990234375,4556.60009765625,4556.0,4556.2001953125,0
4556.39990234375,4556.39990234375,4555.10009765625,4555.2001953125,47
4555.0,4555.7001953125,4554.7001953125,4555.7001953125,42
4555.7998046875,4556.0,4553.2001953125,4553.60009765625,334
4553.7001953125,4554.5,4552.39990234375,4553.10009765625,92
4552.89990234375,4553.7001953125,4552.7998046875,4553.7001953125,31
4553.2001953125,4554.2998046875,4552.89990234375,4554.0,32
4554.10009765625,4554.60009765625,4553.7001953125,4554.60009765625,25
4554.2998046875,4554.89990234375,4554.2998046875,4554.7998046875,113
4554.7001953125,4554.7001953125,4553.7001953125,4554.10009765625,41
4554.0,4554.7001953125,4553.60009765625,4554.60009765625,15
4554.39990234375,4554.89990234375,4554.2001953125,4554.2998046875,38
4554.2001953125,4554.7998046875,4554.0,4554.7001953125,13
4554.5,4554.60009765625,4554.2998046875,4554.60009765625,14
4554.39990234375,4554.39990234375,4553.2998046875,4553.60009765625,49
4553.60009765625,4554.10009765625,4552.7001953125,4553.10009765625,73
4552.7001953125,4553.5,4552.2998046875,4553.5,21
4553.60009765625,4554.2001953125,4553.60009765625,4554.2001953125,13
4553.89990234375,4553.89990234375,4553.2001953125,4553.60009765625,18
4553.2998046875,4553.89990234375,4553.2001953125,4553.89990234375,4
4554.0,4554.2998046875,4552.2998046875,4552.5,36
4552.5,4552.60009765625,4551.7001953125,4552.60009765625,53
4552.7998046875,4554.0,4552.60009765625,4553.39990234375,72
4553.60009765625,4553.7001953125,4551.7998046875,4551.7998046875,56
4552.10009765625,4552.7001953125,4552.10009765625,4552.7001953125,17
4552.10009765625,4552.39990234375,4551.7001953125,4552.39990234375,29
4552.39990234375,4552.39990234375,4551.39990234375,4551.7001953125,15
4551.7998046875,4552.0,4551.39990234375,4552.0,13
4551.5,4551.89990234375,4549.2998046875,4549.7001953125,153
4549.7001953125,4550.0,4547.10009765625,4547.2998046875,128
4547.2001953125,4547.89990234375,4546.7001953125,4546.7998046875,121
4547.10009765625,4548.2998046875,4547.10009765625,4547.39990234375,49
4546.7001953125,4546.7001953125,4545.2998046875,4545.7998046875,103
4545.2998046875,4545.89990234375,4544.2001953125,4545.89990234375,73
4545.10009765625,4546.2998046875,4545.10009765625,4545.89990234375,87
4545.39990234375,4545.7998046875,4545.10009765625,4545.2001953125,13
4545.5,4545.5,4543.7998046875,4545.39990234375,48
4545.5,4545.89990234375,4544.2998046875,4544.7998046875,34
4544.5,4544.5,4543.39990234375,4544.2001953125,72
4544.39990234375,4544.7998046875,4543.89990234375,4544.7998046875,25
4544.39990234375,4546.2998046875,4544.2998046875,4546.10009765625,78
4545.7998046875,4545.7998046875,4544.89990234375,4545.2998046875,46
4545.2998046875,4545.5,4544.89990234375,4545.0,12
4545.2001953125,4545.2998046875,4545.0,4545.2998046875,7
4545.2001953125,4545.2001953125,4544.2001953125,4544.39990234375,41
4544.2998046875,4545.7998046875,4544.10009765625,4545.60009765625,71
4545.5,4546.2998046875,4545.2998046875,4546.0,56
4546.2998046875,4546.2998046875,4545.7998046875,4546.10009765625,8
4546.2998046875,4546.7001953125,4546.10009765625,4546.7001953125,54
4546.5,4548.0,4546.5,4548.0,21
4547.7998046875,4547.7998046875,4547.10009765625,4547.39990234375,26
4547.2998046875,4547.60009765625,4546.89990234375,4547.0,14
4547.10009765625,4549.10009765625,4547.10009765625,4548.39990234375,65
4548.5,4548.60009765625,4548.0,4548.39990234375,28
4548.39990234375,4548.39990234375,4547.10009765625,4547.60009765625,38
4546.60009765625,4548.0,4546.5,4547.39990234375,17
4547.2998046875,4549.10009765625,4547.2998046875,4547.5,20
4547.39990234375,4547.5,4546.2998046875,4546.2998046875,27
4546.2001953125,4547.2998046875,4546.10009765625,4547.2998046875,21
4546.39990234375,4546.39990234375,4545.7998046875,4546.10009765625,13
4546.0,4547.10009765625,4545.89990234375,4546.10009765625,28
4546.39990234375,4547.10009765625,4545.7998046875,4547.10009765625,22
4547.10009765625,4547.7998046875,4547.10009765625,4547.7998046875,7
4547.2998046875,4549.10009765625,4547.2998046875,4548.5,26
4548.7998046875,4548.7998046875,4548.7001953125,4548.7001953125,6
4548.89990234375,4550.10009765625,4548.89990234375,4550.0,28
4550.10009765625,4550.5,4549.39990234375,4549.5,61
4549.7001953125,4551.39990234375,4549.2001953125,4549.2998046875,78
4549.2001953125,4549.60009765625,4548.89990234375,4549.60009765625,24
4549.10009765625,4549.2001953125,4548.39990234375,4548.39990234375,16
4548.2001953125,4549.0,4547.89990234375,4548.5,32
4548.60009765625,4548.60009765625,4547.39990234375,4547.5,15
4547.2998046875,4547.60009765625,4545.89990234375,4546.2001953125,60
4545.7001953125,4546.5,4543.89990234375,4543.89990234375,136
4543.60009765625,4544.0,4541.5,4542.89990234375,220
4542.89990234375,4543.60009765625,4542.39990234375,4543.0,28
4543.2998046875,4543.89990234375,4542.60009765625,4543.0,103
4542.7001953125,4544.5,4542.10009765625,4544.0,46
4543.89990234375,4543.89990234375,4542.39990234375,4543.2001953125,66
4543.10009765625,4543.10009765625,4541.7001953125,4542.2001953125,48
4541.89990234375,4543.39990234375,4541.89990234375,4542.0,43
4542.0,4544.0,4541.89990234375,4543.7001953125,60
4543.39990234375,4543.5,4542.10009765625,4542.2998046875,52
4542.5,4543.89990234375,4541.0,4543.89990234375,120
4543.89990234375,4544.39990234375,4543.5,4544.0,70
4543.7001953125,4543.7001953125,4542.60009765625,4542.60009765625,26
4542.89990234375,4543.10009765625,4542.7001953125,4543.10009765625,8
4542.39990234375,4543.0,4541.60009765625,4541.60009765625,85
4541.7001953125,4542.2998046875,4540.2998046875,4541.89990234375,99
4541.89990234375,4542.39990234375,4540.0,4540.5,105
4540.0,4543.10009765625,4538.7001953125,4541.0,242
4541.10009765625,4541.7998046875,4540.2998046875,4541.2001953125,49
4540.89990234375,4541.0,4538.89990234375,4539.7001953125,56
4539.89990234375,4540.2001953125,4538.7998046875,4538.7998046875,27
4539.0,4539.0,4536.60009765625,4537.7001953125,247
4537.7998046875,4538.7001953125,4536.89990234375,4537.7998046875,112
4537.7001953125,4538.89990234375,4537.0,4538.60009765625,51
4538.5,4538.7001953125,4536.2998046875,4536.60009765625,125
4536.60009765625,4536.89990234375,4535.2001953125,4536.5,97
4536.2998046875,4537.5,4535.7001953125,4537.2001953125,42
4537.5,4538.0,4536.2998046875,4537.7998046875,45
4537.7001953125,4538.10009765625,4536.60009765625,4537.60009765625,69
4537.89990234375,4539.2001953125,4537.7001953125,4538.7001953125,66
4538.5,4539.39990234375,4537.89990234375,4538.2998046875,39
4538.5,4538.89990234375,4537.39990234375,4537.7998046875,22
4537.89990234375,4538.0,4536.5,4536.7001953125,28
4536.7001953125,4537.10009765625,4536.7001953125,4536.7998046875,24
4536.7998046875,4539.0,4536.7001953125,4538.2001953125,53
4538.2001953125,4538.60009765625,4537.7001953125,4538.2998046875,55
4538.2001953125,4538.60009765625,4538.10009765625,4538.60009765625,23
4538.60009765625,4539.0,4538.0,4538.2001953125,18
4538.0,4538.60009765625,4537.39990234375,4537.39990234375,88
4537.2998046875,4538.2001953125,4536.2998046875,4537.5,46
4537.60009765625,4537.7998046875,4535.7001953125,4535.89990234375,76
4536.10009765625,4536.60009765625,4535.60009765625,4535.7001953125,38
4535.7001953125,4536.2998046875,4534.7998046875,4536.2001953125,111
4536.60009765625,4537.7001953125,4536.2998046875,4536.2998046875,21
4536.2998046875,4538.10009765625,4536.2998046875,4537.7998046875,29
4537.7998046875,4539.10009765625,4537.5,4539.10009765625,43
4539.2998046875,4540.5,4538.2001953125,4538.5,146
4538.60009765625,4539.5,4537.2001953125,4537.2998046875,139
4537.39990234375,4539.89990234375,4537.2998046875,4538.5,117
4538.7001953125,4542.10009765625,4538.7001953125,4541.39990234375,112
4541.7001953125,4542.2001953125,4541.39990234375,4541.7001953125,50
4541.10009765625,4546.2998046875,4541.10009765625,4545.7998046875,524
4546.0,4547.5,4545.60009765625,4547.2998046875,175
4547.39990234375,4548.2001953125,4546.7998046875,4546.7998046875,105
4546.7998046875,4547.7998046875,4545.2998046875,4547.5,78
4547.5,4547.7001953125,4546.89990234375,4547.10009765625,66
4547.39990234375,4548.89990234375,4547.2001953125,4547.2998046875,121
4547.7998046875,4549.5,4547.2001953125,4549.39990234375,83
4549.39990234375,4550.2001953125,4548.5,4548.7001953125,150
4548.60009765625,4548.89990234375,4547.60009765625,4548.89990234375,129
4548.60009765625,4550.2998046875,4548.0,4550.2001953125,84
4550.2998046875,4550.7001953125,4550.0,4550.10009765625,48
4550.39990234375,4551.89990234375,4549.2998046875,4551.10009765625,224
4551.2001953125,4551.7998046875,4550.5,4551.7998046875,168
4551.7998046875,4553.5,4551.7998046875,4553.2998046875,143
4552.89990234375,4553.2001953125,4549.10009765625,4551.10009765625,388
4551.2998046875,4551.7998046875,4549.2001953125,4551.2998046875,166
4550.7998046875,4551.89990234375,4550.10009765625,4551.10009765625,66
4550.89990234375,4551.7001953125,4550.5,4550.5,100
4550.60009765625,4551.39990234375,4549.7998046875,4550.2998046875,197
4550.39990234375,4550.39990234375,4549.60009765625,4550.0,21
4550.0,4550.5,4549.7998046875,4550.5,31
4550.7998046875,4551.7998046875,4550.5,4550.5,49
4550.5,4551.60009765625,4550.5,4551.2001953125,31
4551.5,4551.60009765625,4550.7998046875,4551.0,23
4551.2001953125,4553.0,4550.89990234375,4552.39990234375,90
4552.0,4552.7001953125,4551.10009765625,4551.2998046875,52
4551.10009765625,4551.7001953125,4549.60009765625,4551.39990234375,209
4551.39990234375,4552.2001953125,4550.7001953125,4552.0,46
4552.5,4552.7998046875,4551.10009765625,4551.5,47
4551.7998046875,4551.7998046875,4550.0,4550.39990234375,65
4550.7998046875,4552.5,4550.7998046875,4552.5,26
4552.60009765625,4553.0,4551.60009765625,4552.89990234375,133
4552.0,4552.60009765625,4552.0,4552.2998046875,72
4552.5,4553.0,4552.2998046875,4552.39990234375,70
4552.2998046875,4552.2998046875,4551.5,4551.89990234375,25
4551.60009765625,4551.7998046875,4550.7998046875,4551.2001953125,27
4551.2001953125,4552.0,4550.39990234375,4551.39990234375,117
4551.10009765625,4551.5,4550.89990234375,4551.5,34
4550.60009765625,4551.2998046875,4550.39990234375,4550.5,34
4550.2001953125,4551.10009765625,4550.0,4550.2998046875,39
4550.10009765625,4550.2001953125,4549.5,4550.10009765625,50
4550.39990234375,4553.0,4550.39990234375,4552.60009765625,142
4552.5,4553.0,4552.10009765625,4552.39990234375,58
4552.39990234375,4553.0,4551.7001953125,4551.7998046875,74
4551.60009765625,4551.89990234375,4551.0,4551.89990234375,58
4551.5,4551.7998046875,4550.10009765625,4550.60009765625,84
4550.5,4550.7998046875,4548.60009765625,4549.7998046875,141
4549.7001953125,4550.60009765625,4549.2998046875,4549.60009765625,139
4550.0,4550.5,4550.0,4550.2001953125,18
4550.0,4550.39990234375,4549.39990234375,4549.5,19
4549.2001953125,4550.2001953125,4548.89990234375,4549.39990234375,135
4549.2001953125,4549.5,4548.5,4549.39990234375,66
4549.0,4549.7998046875,4548.7001953125,4549.10009765625,63
4549.2001953125,4550.7998046875,4549.0,4550.60009765625,126
4550.39990234375,4551.2998046875,4550.10009765625,4551.2001953125,90
4551.2998046875,4551.5,4550.7001953125,4550.7998046875,87
4550.89990234375,4551.0,4549.0,4549.7998046875,153
4549.7001953125,4550.39990234375,4548.7998046875,4549.2998046875,131
4549.39990234375,4549.5,4545.39990234375,4545.7001953125,166
4545.7001953125,4546.39990234375,4545.60009765625,4545.7998046875,56
4546.10009765625,4546.2001953125,4544.5,4545.7001953125,130
4545.5,4545.7001953125,4544.60009765625,4544.7998046875,65
4544.7001953125,4546.39990234375,4544.60009765625,4545.60009765625,133
4545.5,4546.10009765625,4544.60009765625,4545.2998046875,49
4545.89990234375,4547.0,4545.5,4546.89990234375,32
4547.0,4547.5,4546.0,4546.0,78
4545.7998046875,4546.89990234375,4545.7998046875,4546.5,34
4546.5,4547.10009765625,4546.0,4546.2998046875,86
4546.7001953125,4547.0,4546.0,4546.2998046875,36
4545.89990234375,4546.10009765625,4545.39990234375,4545.5,49
4545.0,4545.10009765625,4543.89990234375,4544.5,60
4544.39990234375,4547.10009765625,4544.2998046875,4545.60009765625,151
4545.7998046875,4545.7998046875,4544.10009765625,4544.7998046875,68
4544.89990234375,4544.89990234375,4544.2001953125,4544.89990234375,30
4544.7001953125,4544.7998046875,4544.0,4544.0,45
4544.10009765625,4544.7001953125,4543.39990234375,4543.7998046875,50
4543.89990234375,4544.5,4543.5,4543.7998046875,105
4543.89990234375,4544.7998046875,4543.89990234375,4544.10009765625,27
4544.10009765625,4544.7998046875,4543.89990234375,4544.39990234375,37
4544.0,4544.2998046875,4542.7998046875,4543.39990234375,82
4543.2001953125,4543.89990234375,4542.39990234375,4542.39990234375,52
4542.39990234375,4542.7998046875,4541.39990234375,4541.89990234375,93
4542.2001953125,4542.7998046875,4541.7998046875,4541.7998046875,55
4541.7998046875,4542.0,4540.60009765625,4541.5,97
4541.2998046875,4541.7001953125,4540.39990234375,4540.39990234375,78
4540.60009765625,4541.2998046875,4540.10009765625,4540.5,108
4540.7998046875,4541.10009765625,4540.10009765625,4541.10009765625,59
4541.2001953125,4542.89990234375,4541.0,4542.7998046875,115
4542.60009765625,4542.7998046875,4540.89990234375,4541.60009765625,83
4541.5,4543.7001953125,4541.2001953125,4543.7001953125,80
4543.5,4546.5,4542.7998046875,4546.5,194
4546.2998046875,4547.60009765625,4546.0,4546.89990234375,96
4546.5,4547.7001953125,4546.5,4547.2998046875,86
4547.10009765625,4547.39990234375,4546.2001953125,4546.39990234375,72
4546.2998046875,4547.89990234375,4546.0,4547.2998046875,80
4547.10009765625,4547.2998046875,4545.5,4546.2001953125,129
4546.5,4548.39990234375,4546.5,4548.0,43
4548.60009765625,4550.2001953125,4547.7998046875,4548.7001953125,200
4549.10009765625,4550.10009765625,4548.0,4548.39990234375,98
4548.10009765625,4548.5,4546.39990234375,4546.39990234375,51
4546.10009765625,4547.89990234375,4545.89990234375,4547.89990234375,134
4547.5,4549.39990234375,4546.7998046875,4548.7998046875,45
4549.2001953125,4549.39990234375,4548.60009765625,4549.39990234375,29
4549.60009765625,4552.7001953125,4547.7001953125,4547.7001953125,404
4547.7001953125,4547.89990234375,4546.2998046875,4546.5,65
4546.7001953125,4547.39990234375,4546.2001953125,4546.2001953125,51
4546.2001953125,4546.60009765625,4545.5,4546.39990234375,69
4545.60009765625,4547.5,4545.2998046875,4547.5,43
4547.39990234375,4547.5,4545.7998046875,4546.60009765625,45
4546.39990234375,4546.89990234375,4545.7998046875,4546.5,21
4546.5,4547.89990234375,4546.39990234375,4547.7998046875,34
4548.0,4548.7998046875,4547.7001953125,4548.5,37
4548.60009765625,4549.2998046875,4547.2998046875,4548.60009765625,59
4548.5,4548.7001953125,4547.2001953125,4547.2001953125,40
4546.89990234375,4547.5,4546.2998046875,4546.2998046875,18
4546.89990234375,4548.10009765625,4545.89990234375,4547.60009765625,57
4547.89990234375,4548.7001953125,4547.60009765625,4548.2001953125,81
4548.39990234375,4550.89990234375,4548.39990234375,4550.2001953125,222
4550.2998046875,4550.7001953125,4548.0,4548.7998046875,126
4548.89990234375,4552.2001953125,4548.89990234375,4551.2998046875,92
4550.7001953125,4551.10009765625,4548.89990234375,4549.39990234375,48
4549.2998046875,4549.39990234375,4548.2001953125,4548.39990234375,59
4548.2998046875,4550.39990234375,4548.10009765625,4550.39990234375,38
4550.2998046875,4551.39990234375,4549.60009765625,4551.10009765625,70
4551.0,4551.10009765625,4549.7001953125,4549.89990234375,66
4549.89990234375,4551.2001953125,4549.2001953125,4551.2001953125,44
4550.89990234375,4552.2998046875,4550.0,4550.10009765625,133
4550.10009765625,4550.10009765625,4548.7001953125,4548.89990234375,35
4549.2001953125,4549.89990234375,4548.5,4548.89990234375,36
4549.39990234375,4549.60009765625,4548.5,4549.0,53
4549.10009765625,4551.5,4549.0,4551.39990234375,348
4551.10009765625,4551.89990234375,4550.7998046875,4551.7001953125,52
4551.7998046875,4555.39990234375,4551.5,4555.10009765625,412
4554.60009765625,4555.5,4554.10009765625,4554.5,140
4554.7001953125,4555.2998046875,4553.89990234375,4554.7001953125,108
4554.60009765625,4555.89990234375,4552.89990234375,4553.60009765625,162
4553.5,4553.89990234375,4553.10009765625,4553.10009765625,46
4552.89990234375,4554.2001953125,4552.0,4553.7998046875,122
4553.7998046875,4554.60009765625,4553.10009765625,4554.2001953125,88
4554.2001953125,4554.89990234375,4553.7998046875,4554.5,68
4554.60009765625,4555.2001953125,4552.5,4552.7001953125,100
4552.60009765625,4553.2001953125,4551.39990234375,4552.10009765625,66
4552.0,4552.0,4549.5,4549.7001953125,73
4549.39990234375,4549.39990234375,4547.0,4547.2001953125,212
4547.7001953125,4547.89990234375,4547.0,4547.2998046875,81
4547.39990234375,4548.7998046875,4547.0,4548.5,51
4548.2998046875,4548.7001953125,4546.60009765625,4546.89990234375,90
4547.10009765625,4547.2001953125,4543.89990234375,4544.60009765625,188
4544.5,4545.39990234375,4544.2001953125,4544.5,107
4544.7998046875,4546.89990234375,4544.7998046875,4546.2998046875,179
4546.39990234375,4550.0,4546.2001953125,4550.0,498
4549.7998046875,4551.89990234375,4549.0,4550.7998046875,108
4550.89990234375,4552.10009765625,4550.5,4550.7998046875,69
4551.10009765625,4551.7001953125,4550.89990234375,4551.60009765625,21
4551.7998046875,4552.39990234375,4550.7998046875,4551.2998046875,119
4550.7998046875,4550.7998046875,4547.2001953125,4548.7001953125,75
4548.7998046875,4549.2001953125,4548.10009765625,4548.7998046875,41
4548.7001953125,4548.7001953125,4547.5,4547.60009765625,14
4547.2998046875,4549.60009765625,4547.2001953125,4549.10009765625,53
4549.2998046875,4549.7998046875,4548.39990234375,4548.39990234375,67
4548.7998046875,4549.0,4547.39990234375,4547.39990234375,27
4547.2998046875,4548.39990234375,4547.2001953125,4548.2001953125,29
4547.2001953125,4548.0,4545.0,4545.5,107
4545.39990234375,4545.89990234375,4545.0,4545.10009765625,50
4545.39990234375,4545.7998046875,4545.10009765625,4545.2001953125,42
4545.5,4545.89990234375,4544.60009765625,4544.89990234375,39
4544.7998046875,4546.10009765625,4544.7001953125,4546.10009765625,34
4546.2001953125,4546.7001953125,4546.0,4546.2998046875,17
4545.39990234375,4547.2001953125,4545.39990234375,4547.0,51
4547.10009765625,4547.5,4546.7998046875,4547.5,44
4547.2001953125,4548.60009765625,4547.2001953125,4548.39990234375,34
4548.60009765625,4549.0,4546.7998046875,4546.7998046875,78
4546.2998046875,4546.7001953125,4545.60009765625,4546.2001953125,22
4545.7998046875,4546.0,4544.39990234375,4544.39990234375,57
4544.39990234375,4546.2998046875,4544.39990234375,4546.2998046875,23
4546.2001953125,4546.39990234375,4545.39990234375,4546.10009765625,15
4546.2001953125,4546.2001953125,4545.2001953125,4545.5,19
4545.5,4546.5,4545.2998046875,4545.7998046875,24
4546.0,4546.39990234375,4545.2998046875,4546.2998046875,155
4546.0,4547.60009765625,4545.7001953125,4547.0,103
4547.0,4547.89990234375,4546.39990234375,4547.5,50
4547.7001953125,4548.2998046875,4546.0,4546.2998046875,36
4545.60009765625,4547.2998046875,4545.39990234375,4547.2998046875,54
4547.2998046875,4548.7001953125,4547.2998046875,4548.7001953125,47
4548.39990234375,4550.0,4548.10009765625,4548.7001953125,89
4549.0,4549.5,4548.0,4548.2998046875,33
4548.7001953125,4551.0,4548.7001953125,4549.7998046875,79
4549.7998046875,4550.2998046875,4548.10009765625,4549.0,48
4548.89990234375,4549.0,4548.10009765625,4548.7001953125,51
4548.39990234375,4549.2001953125,4548.10009765625,4548.39990234375,53
4548.7998046875,4549.39990234375,4548.7998046875,4549.10009765625,16
4549.0,4549.2998046875,4548.7998046875,4549.2998046875,21
4549.60009765625,4550.5,4549.39990234375,4549.39990234375,86
4549.2998046875,4550.2998046875,4547.39990234375,4547.7001953125,68
4547.39990234375,4548.2998046875,4547.2001953125,4547.2001953125,55
4547.2998046875,4547.39990234375,4545.7998046875,4545.89990234375,82
4546.0,4546.2998046875,4544.7001953125,4545.60009765625,110
4545.60009765625,4549.5,4545.60009765625,4548.7001953125,94
4548.60009765625,4548.60009765625,4547.5,4548.0,61
4548.0,4548.2998046875,4547.0,4547.2998046875,42
4547.10009765625,4547.7001953125,4546.2998046875,4546.60009765625,49
4546.7001953125,4547.2001953125,4546.60009765625,4546.7001953125,23
4546.7998046875,4546.7998046875,4545.60009765625,4545.89990234375,46
4545.5,4546.2001953125,4544.7998046875,4545.89990234375,75
4546.0,4546.0,4545.2001953125,4545.60009765625,28
4545.60009765625,4547.5,4545.60009765625,4546.7998046875,119
4546.5,4546.60009765625,4544.2998046875,4546.0,229
4546.10009765625,4547.2001953125,4545.5,4545.89990234375,175
4546.10009765625,4547.0,4544.60009765625,4546.5,134
4546.2001953125,4546.2998046875,4544.39990234375,4544.60009765625,67
4544.5,4544.7998046875,4543.7998046875,4544.5,65
4544.39990234375,4544.7001953125,4543.2001953125,4543.7001953125,62
4542.89990234375,4545.0,4542.7001953125,4544.39990234375,44
4544.10009765625,4544.2001953125,4542.0,4542.60009765625,92
4542.39990234375,4542.5,4541.0,4541.39990234375,147
4541.10009765625,4542.89990234375,4541.0,4542.7998046875,74
4542.7998046875,4544.2001953125,4542.5,4543.5,46
4543.5,4544.2998046875,4542.2998046875,4542.7998046875,81
4543.10009765625,4545.89990234375,4543.10009765625,4545.60009765625,150
4545.0,4547.0,4544.7998046875,4546.89990234375,100
4546.89990234375,4547.0,4545.60009765625,4545.7001953125,51
4545.60009765625,4545.60009765625,4544.7998046875,4545.60009765625,54
4545.2001953125,4545.2001953125,4544.39990234375,4544.5,35
4544.5,4545.0,4542.5,4542.7001953125,58
4542.89990234375,4543.10009765625,4542.2001953125,4543.10009765625,44
4542.89990234375,4543.2001953125,4541.89990234375,4542.10009765625,59
4542.2001953125,4542.89990234375,4541.7998046875,4542.2001953125,54
4542.2001953125,4542.2001953125,4540.89990234375,4542.10009765625,50
4542.2998046875,4542.2998046875,4540.7001953125,4541.89990234375,89
4542.10009765625,4542.2001953125,4539.2998046875,4539.89990234375,110
4539.7998046875,4540.60009765625,4538.2001953125,4540.5,276
4540.5,4540.5,4539.0,4539.2001953125,56
4539.10009765625,4539.5,4538.39990234375,4539.2001953125,86
4539.2998046875,4540.2001953125,4538.7001953125,4539.7001953125,118
4539.7998046875,4541.10009765625,4539.2998046875,4540.7998046875,71
4540.60009765625,4540.60009765625,4538.89990234375,4538.89990234375,56
4538.60009765625,4539.2998046875,4537.0,4539.2998046875,148
4539.2001953125,4539.2001953125,4537.5,4538.39990234375,63
4538.89990234375,4539.7998046875,4538.60009765625,4539.5,65
4539.60009765625,4542.2998046875,4539.60009765625,4541.89990234375,76
4541.5,4542.7001953125,4541.5,4542.10009765625,25
4541.89990234375,4543.5,4541.89990234375,4542.7998046875,75
4542.7998046875,4543.5,4542.5,4543.0,51
4543.2001953125,4543.7998046875,4542.7998046875,4543.0,47
4543.2998046875,4544.2001953125,4543.0,4543.60009765625,131
4543.89990234375,4546.60009765625,4543.89990234375,4546.10009765625,240
4546.10009765625,4546.7998046875,4544.7998046875,4545.39990234375,81
4545.7001953125,4546.2001953125,4545.10009765625,4545.39990234375,61
4545.5,4546.10009765625,4545.2998046875,4545.7001953125,40
4545.60009765625,4547.0,4545.39990234375,4546.60009765625,78
4546.7001953125,4547.7998046875,4546.2001953125,4547.10009765625,136
4547.39990234375,4547.7998046875,4546.5,4546.89990234375,53
4546.7998046875,4548.2001953125,4546.7998046875,4546.89990234375,312
4547.2001953125,4547.60009765625,4547.0,4547.5,42
4547.5,4548.0,4547.39990234375,4547.60009765625,20
4547.7998046875,4548.2001953125,4546.39990234375,4547.2998046875,116
4547.10009765625,4547.2001953125,4544.5,4545.0,94
4544.89990234375,4544.89990234375,4543.2001953125,4543.5,93
4543.60009765625,4543.7001953125,4542.89990234375,4543.2998046875,32
4543.2998046875,4543.60009765625,4543.10009765625,4543.2001953125,21
4543.10009765625,4545.2998046875,4542.60009765625,4545.2998046875,69
4545.2001953125,4547.2998046875,4544.60009765625,4545.89990234375,80
4546.0,4546.89990234375,4545.7001953125,4546.89990234375,52
4547.5,4547.89990234375,4547.0,4547.10009765625,41
4547.2001953125,4549.60009765625,4546.89990234375,4548.89990234375,70
4549.0,4550.5,4548.2998046875,4550.39990234375,227
4550.2998046875,4552.5,4549.89990234375,4550.5,268
4550.5,4550.7001953125,4549.89990234375,4550.2998046875,36
4550.5,4550.89990234375,4550.0,4550.60009765625,50
4550.39990234375,4551.10009765625,4549.7001953125,4550.0,68
4549.7001953125,4549.89990234375,4549.0,4549.7001953125,42
4549.39990234375,4549.60009765625,4549.0,4549.10009765625,46
4548.7998046875,4551.2998046875,4548.7998046875,4549.7001953125,213
4549.7998046875,4550.7998046875,4549.39990234375,4549.60009765625,88
4549.60009765625,4549.60009765625,4547.2001953125,4547.7001953125,105
4547.89990234375,4548.0,4546.7001953125,4546.89990234375,18
4546.7001953125,4547.5,4546.60009765625,4547.0,41
4546.7998046875,4547.39990234375,4546.7998046875,4547.0,36
4547.0,4547.2001953125,4546.60009765625,4547.2001953125,7
4547.0,4547.2998046875,4546.7001953125,4546.7001953125,13
4546.60009765625,4547.60009765625,4546.5,4547.5,31
4547.7001953125,4547.7001953125,4546.7998046875,4546.7998046875,21
4546.7001953125,4546.7001953125,4545.2001953125,4545.2001953125,26
4545.0,4547.2998046875,4545.0,4547.10009765625,84
4547.10009765625,4547.10009765625,4546.39990234375,4546.60009765625,34
4546.2998046875,4546.7001953125,4546.2998046875,4546.7001953125,3
4546.7998046875,4547.2998046875,4546.60009765625,4546.7998046875,27
4546.7001953125,4546.7998046875,4545.60009765625,4546.10009765625,16
4546.39990234375,4546.39990234375,4545.5,4546.0,22
4545.89990234375,4545.89990234375,4544.7001953125,4544.7998046875,19
4545.0,4545.0,4543.7998046875,4544.2998046875,68
4543.89990234375,4544.89990234375,4543.89990234375,4544.5,17
4544.7001953125,4544.89990234375,4544.2998046875,4544.2998046875,24
4544.60009765625,4546.2998046875,4544.60009765625,4545.2001953125,82
4545.10009765625,4546.0,4544.89990234375,4546.0,19
4546.0,4547.10009765625,4546.0,4546.39990234375,19
4546.7001953125,4547.5,4544.2001953125,4545.10009765625,88
4545.10009765625,4547.7001953125,4544.2001953125,4547.60009765625,154
4547.2001953125,4547.89990234375,4546.60009765625,4546.89990234375,76
4546.89990234375,4547.39990234375,4546.5,4547.10009765625,89
4547.0,4547.0,4544.60009765625,4545.0,323
4544.89990234375,4544.89990234375,4542.7998046875,4543.89990234375,402
4543.7001953125,4544.10009765625,4543.2001953125,4543.5,55
4543.2001953125,4544.39990234375,4543.2001953125,4544.39990234375,55
4544.39990234375,4544.39990234375,4542.10009765625,4543.7998046875,404
4543.60009765625,4543.89990234375,4543.10009765625,4543.7998046875,89
4543.89990234375,4544.0,4543.10009765625,4543.60009765625,55
4543.60009765625,4543.7998046875,4541.7998046875,4542.5,263
4542.5,4543.7998046875,4541.7001953125,4543.10009765625,152
4543.2001953125,4543.60009765625,4540.60009765625,4540.60009765625,98
4540.7001953125,4541.7998046875,4539.39990234375,4541.7998046875,128
4541.7001953125,4541.7998046875,4540.7998046875,4541.10009765625,54
4541.10009765625,4542.39990234375,4541.0,4541.89990234375,55
4542.10009765625,4542.2001953125,4538.7998046875,4538.7998046875,106
4539.10009765625,4539.2001953125,4537.60009765625,4537.89990234375,117
4538.2001953125,4539.10009765625,4537.89990234375,4538.89990234375,59
4538.60009765625,4539.7998046875,4537.89990234375,4539.7998046875,96
4539.7001953125,4541.2001953125,4539.2001953125,4539.7001953125,190
4539.39990234375,4541.2998046875,4539.10009765625,4540.5,64
4540.7998046875,4542.0,4540.7001953125,4541.60009765625,74
4541.7998046875,4544.0,4541.39990234375,4544.0,93
4543.7998046875,4545.89990234375,4543.7998046875,4545.89990234375,84
4545.7998046875,4546.2998046875,4543.89990234375,4543.89990234375,63
4544.2001953125,4544.60009765625,4543.5,4543.60009765625,46
4543.2998046875,4543.60009765625,4540.7998046875,4540.7998046875,58
4541.2001953125,4541.60009765625,4540.7001953125,4540.7998046875,31
4541.10009765625,4541.39990234375,4540.2001953125,4540.60009765625,53
4540.2998046875,4541.2001953125,4539.5,4541.2001953125,93
4541.39990234375,4542.5,4540.89990234375,4541.5,57
4541.5,4541.5,4539.2001953125,4539.7998046875,119
4539.7998046875,4541.2001953125,4539.60009765625,4541.2001953125,36
4541.2001953125,4543.2001953125,4541.0,4543.0,92
4543.2001953125,4543.2001953125,4539.0,4539.0,125
4539.10009765625,4539.39990234375,4536.39990234375,4536.7998046875,727
4537.0,4537.2998046875,4536.2998046875,4536.7998046875,135
4537.0,4538.7001953125,4536.39990234375,4537.89990234375,139
4537.7998046875,4539.0,4535.10009765625,4535.39990234375,134
4535.5,4535.7001953125,4533.0,4534.7998046875,435
4535.10009765625,4535.10009765625,4533.5,4534.2998046875,72
4534.2001953125,4534.7998046875,4532.7001953125,4533.2998046875,167
4533.5,4533.5,4530.10009765625,4530.89990234375,399
4530.7998046875,4531.89990234375,4526.0,4527.39990234375,551
4527.0,4527.60009765625,4524.0,4524.7998046875,318
4524.89990234375,4527.2998046875,4523.7998046875,4526.2001953125,366
4526.5,4526.5,4522.0,4525.0,726
4524.89990234375,4528.60009765625,4524.89990234375,4527.39990234375,327
4528.0,4529.10009765625,4526.10009765625,4527.2001953125,218
4526.7001953125,4526.7998046875,4525.2998046875,4526.2001953125,134
4526.10009765625,4526.10009765625,4523.2998046875,4524.10009765625,134
4523.7998046875,4527.0,4523.5,4524.5,435
4524.39990234375,4524.60009765625,4522.2001953125,4524.0,223
4523.2998046875,4526.0,4523.2001953125,4526.0,293
4526.39990234375,4527.39990234375,4522.89990234375,4523.89990234375,193
4523.5,4524.5,4521.2001953125,4523.10009765625,193
4523.0,4523.89990234375,4523.0,4523.2998046875,54
4523.10009765625,4523.5,4521.7998046875,4523.10009765625,100
4523.2998046875,4523.39990234375,4517.60009765625,4517.7998046875,446
4518.0,4518.2001953125,4514.7001953125,4514.7001953125,671
4514.5,4517.10009765625,4513.5,4514.7998046875,498
4514.7998046875,4516.5,4513.39990234375,4514.89990234375,210
4515.10009765625,4515.2998046875,4512.5,4513.60009765625,238
4513.39990234375,4514.5,4509.10009765625,4511.60009765625,730
4511.7998046875,4511.89990234375,4506.2001953125,4507.0,752
4507.0,4510.7998046875,4506.2001953125,4509.2001953125,833
4509.39990234375,4513.7998046875,4508.89990234375,4511.2998046875,397
4511.10009765625,4512.5,4510.5,4512.39990234375,330
4512.7998046875,4516.60009765625,4512.10009765625,4515.7001953125,428
4515.5,4516.5,4514.5,4516.10009765625,372
4515.39990234375,4519.60009765625,4515.39990234375,4519.39990234375,355
4519.2998046875,4521.7001953125,4519.10009765625,4521.10009765625,277
4521.10009765625,4521.7998046875,4518.0,4518.0,193
4517.7998046875,4521.39990234375,4517.7998046875,4519.2001953125,252
4518.89990234375,4519.39990234375,4517.60009765625,4519.0,145
4518.60009765625,4521.7998046875,4518.0,4521.5,297
4521.7998046875,4522.39990234375,4520.10009765625,4520.5,238
4520.5,4522.89990234375,4519.60009765625,4522.5,198
4522.2001953125,4523.39990234375,4517.5,4517.7998046875,385
4517.39990234375,4520.0,4517.2001953125,4518.89990234375,183
4519.10009765625,4520.0,4518.0,4519.2001953125,172
4519.2998046875,4520.60009765625,4518.5,4520.0,165
4519.7998046875,4522.10009765625,4518.0,4519.2001953125,194
4518.7998046875,4519.2001953125,4513.60009765625,4514.0,407
4514.10009765625,4514.2001953125,4512.2001953125,4514.2001953125,271
4513.7998046875,4515.10009765625,4513.39990234375,4515.10009765625,136
4515.10009765625,4516.10009765625,4513.2001953125,4513.2001953125,228
4513.5,4515.10009765625,4513.2998046875,4514.2998046875,141
4514.89990234375,4516.60009765625,4512.2001953125,4513.10009765625,304
4513.2001953125,4513.5,4509.7998046875,4510.2998046875,270
4510.2001953125,4510.7998046875,4509.0,4510.60009765625,163
4510.2001953125,4511.10009765625,4507.7998046875,4510.5,391
4510.7001953125,4511.2001953125,4506.0,4508.60009765625,369
4508.39990234375,4512.0,4507.60009765625,4509.39990234375,349
4509.39990234375,4511.60009765625,4506.89990234375,4511.60009765625,324
4512.0,4515.60009765625,4511.7998046875,4514.2001953125,314
4514.2001953125,4514.39990234375,4512.7001953125,4514.2998046875,180
4514.39990234375,4518.2001953125,4513.7998046875,4518.2001953125,277
4518.10009765625,4520.7998046875,4517.0,4519.89990234375,267
4520.10009765625,4520.7998046875,4518.39990234375,4519.10009765625,251
4518.7001953125,4519.5,4515.0,4515.39990234375,236
4515.2001953125,4521.39990234375,4515.2001953125,4521.2998046875,238
4521.2998046875,4522.2998046875,4520.39990234375,4522.2998046875,218
4521.89990234375,4522.10009765625,4519.0,4520.89990234375,136
4521.10009765625,4522.7001953125,4521.10009765625,4522.0,115
4521.7998046875,4524.39990234375,4521.60009765625,4523.2998046875,369
4523.2998046875,4526.10009765625,4523.0,4525.60009765625,351
4525.7001953125,4526.5,4524.60009765625,4526.2998046875,282
4526.2998046875,4526.60009765625,4524.7998046875,4526.39990234375,160
4526.7001953125,4529.10009765625,4526.7001953125,4528.89990234375,395
4528.89990234375,4530.39990234375,4527.7998046875,4527.7998046875,371
4528.10009765625,4528.89990234375,4527.0,4527.10009765625,148
4527.5,4528.0,4526.7001953125,4527.2001953125,79
4527.2001953125,4528.10009765625,4526.7001953125,4527.60009765625,67
4527.7001953125,4529.0,4527.10009765625,4528.7001953125,151
4528.7001953125,4530.10009765625,4528.0,4528.89990234375,171
4529.0,4532.2998046875,4528.7998046875,4531.5,262
4531.5,4531.5,4529.0,4529.7998046875,172
4530.39990234375,4537.0,4528.7001953125,4536.5,1003
4536.7998046875,4539.60009765625,4536.0,4538.7001953125,411
4538.7001953125,4538.7001953125,4535.39990234375,4536.7998046875,314
4537.2001953125,4537.39990234375,4534.5,4534.5,164
4534.5,4537.0,4532.39990234375,4533.39990234375,424
4533.7001953125,4535.39990234375,4531.39990234375,4533.10009765625,224
4533.0,4534.10009765625,4532.10009765625,4532.39990234375,131
4532.60009765625,4533.39990234375,4531.89990234375,4533.0,110
4532.7998046875,4532.89990234375,4529.10009765625,4530.0,165
4529.7998046875,4530.7998046875,4527.7998046875,4529.0,117
4528.39990234375,4530.7998046875,4528.39990234375,4528.7001953125,113
4528.10009765625,4529.7001953125,4527.2998046875,4528.2001953125,136
4528.39990234375,4529.60009765625,4527.5,4529.0,98
4528.7001953125,4530.5,4528.0,4529.89990234375,154
4529.60009765625,4530.0,4526.7001953125,4527.89990234375,219
4528.2001953125,4528.2998046875,4526.2998046875,4527.39990234375,186
4527.2998046875,4530.39990234375,4525.89990234375,4529.60009765625,158
4529.60009765625,4530.39990234375,4528.0,4530.39990234375,117
4529.89990234375,4530.7998046875,4528.89990234375,4529.89990234375,205
4530.0,4531.89990234375,4529.2998046875,4529.5,117
4529.7998046875,4531.0,4528.7998046875,4529.0,95
4529.2001953125,4531.89990234375,4529.0,4529.2001953125,130
4529.89990234375,4530.5,4527.2001953125,4527.2998046875,80
4526.7998046875,4529.7001953125,4526.39990234375,4529.2998046875,53
4529.7998046875,4530.10009765625,4527.89990234375,4529.60009765625,65
4528.60009765625,4529.2998046875,4526.89990234375,4527.7998046875,103
4526.60009765625,4528.7001953125,4526.2001953125,4528.0,125
4528.5,4529.10009765625,4527.39990234375,4528.7998046875,90
4528.7001953125,4529.39990234375,4527.10009765625,4527.5,141
4527.7001953125,4527.89990234375,4525.0,4526.7001953125,268
4527.7001953125,4532.39990234375,4526.7998046875,4527.2998046875,421
4526.89990234375,4529.89990234375,4524.10009765625,4525.39990234375,423
4525.60009765625,4529.0,4524.10009765625,4527.60009765625,308
4527.60009765625,4530.7001953125,4524.7001953125,4530.0,235
4530.10009765625,4531.0,4528.5,4530.60009765625,294
4530.2998046875,4540.7998046875,4529.39990234375,4538.2001953125,1480
4538.2001953125,4540.89990234375,4536.5,4536.7998046875,468
4537.10009765625,4539.0,4533.60009765625,4536.7001953125,347
4536.89990234375,4540.7998046875,4536.10009765625,4539.0,421
4539.10009765625,4541.10009765625,4537.39990234375,4538.60009765625,441
4538.0,4538.60009765625,4533.7998046875,4534.7001953125,249
4534.60009765625,4540.0,4532.60009765625,4539.7998046875,208
4539.60009765625,4541.5,4538.2998046875,4540.2001953125,314
4540.39990234375,4543.0,4539.7998046875,4541.60009765625,589
4541.39990234375,4541.89990234375,4540.7998046875,4541.89990234375,112
4541.60009765625,4544.39990234375,4540.0,4540.60009765625,398
4540.2001953125,4541.7001953125,4538.10009765625,4539.2001953125,551
4538.7998046875,4538.7998046875,4535.60009765625,4538.2998046875,375
4537.7998046875,4539.0,4535.7998046875,4537.7998046875,131
4537.7001953125,4539.39990234375,4534.89990234375,4537.0,198
4537.10009765625,4538.5,4536.10009765625,4537.89990234375,328
4537.7998046875,4538.39990234375,4536.2998046875,4537.0,141
4537.10009765625,4541.10009765625,4536.10009765625,4541.0,225
4541.5,4541.60009765625,4538.0,4538.7001953125,262
4538.39990234375,4540.7998046875,4537.0,4540.7998046875,207
4541.2998046875,4541.7998046875,4537.89990234375,4539.0,178
4539.10009765625,4539.60009765625,4537.2998046875,4537.5,157
4537.60009765625,4537.89990234375,4535.7998046875,4535.89990234375,132
4535.7998046875,4538.0,4534.2998046875,4537.10009765625,473
4537.10009765625,4537.39990234375,4535.5,4536.89990234375,169
4537.39990234375,4543.89990234375,4536.7001953125,4543.7001953125,782
4544.0,4545.5,4542.2998046875,4544.39990234375,515
4544.7001953125,4545.89990234375,4542.60009765625,4542.89990234375,393
4542.10009765625,4542.7998046875,4538.7001953125,4539.7998046875,498
4539.60009765625,4541.0,4537.7998046875,4538.39990234375,208
4538.39990234375,4538.60009765625,4537.10009765625,4537.10009765625,160
4537.10009765625,4541.7001953125,4535.7998046875,4538.5,582
4538.39990234375,4539.60009765625,4536.60009765625,4539.60009765625,139
4539.60009765625,4541.5,4538.7001953125,4539.7998046875,107
4540.7998046875,4542.0,4538.5,4540.5,296
4540.10009765625,4542.2998046875,4538.5,4542.2001953125,260
4542.5,4544.39990234375,4539.7001953125,4542.5,316
4542.5,4543.5,4541.89990234375,4543.39990234375,153
4543.2998046875,4544.7998046875,4540.60009765625,4540.89990234375,265
4540.2001953125,4542.2001953125,4539.2998046875,4541.0,402
4541.0,4542.7998046875,4539.39990234375,4542.5,417
4542.39990234375,4543.2998046875,4541.10009765625,4543.2998046875,226
4543.39990234375,4545.39990234375,4541.89990234375,4543.2998046875,296
4543.2998046875,4544.89990234375,4542.7001953125,4543.7998046875,185
4543.2998046875,4543.39990234375,4537.39990234375,4538.0,435
4538.0,4543.2001953125,4537.39990234375,4543.2001953125,197
4543.0,4546.60009765625,4542.39990234375,4544.39990234375,336
4544.7001953125,4544.7998046875,4542.5,4543.2998046875,250
4543.60009765625,4547.2998046875,4542.7998046875,4547.2998046875,231
4547.7998046875,4549.89990234375,4546.7998046875,4546.7998046875,366
4546.60009765625,4548.0,4546.0,4546.0,368
4546.10009765625,4546.7001953125,4543.7998046875,4545.0,186
4545.2001953125,4545.7998046875,4543.39990234375,4543.7001953125,165
4543.60009765625,4546.5,4542.60009765625,4545.10009765625,348
4545.7001953125,4549.0,4545.2998046875,4547.39990234375,236
4547.60009765625,4551.89990234375,4547.5,4549.39990234375,605
4549.60009765625,4550.2998046875,4548.10009765625,4548.7001953125,242
4549.0,4550.7998046875,4549.0,4550.2998046875,159
4550.10009765625,4553.5,4549.7998046875,4553.0,320
4552.7998046875,4552.89990234375,4549.60009765625,4550.10009765625,368
4550.10009765625,4554.2998046875,4548.60009765625,4553.10009765625,385
4553.7998046875,4556.0,4552.89990234375,4555.0,396
4554.89990234375,4556.60009765625,4551.89990234375,4552.5,304
4552.39990234375,4553.39990234375,4551.10009765625,4552.2998046875,129
4552.2998046875,4553.2001953125,4551.10009765625,4551.60009765625,171
4551.7998046875,4552.39990234375,4549.60009765625,4552.2998046875,282
4551.89990234375,4552.39990234375,4549.2998046875,4549.39990234375,94
4549.2998046875,4554.0,4549.2001953125,4553.39990234375,114
4553.7001953125,4555.5,4553.5,4555.2998046875,140
4555.39990234375,4556.89990234375,4554.7998046875,4555.10009765625,159
4554.89990234375,4557.89990234375,4554.5,4557.60009765625,505
4557.7001953125,4561.39990234375,4557.10009765625,4559.60009765625,568
4559.89990234375,4560.7998046875,4559.2001953125,4559.39990234375,283
4559.60009765625,4562.10009765625,4559.2998046875,4561.5,279
4561.2998046875,4564.2998046875,4560.60009765625,4563.39990234375,513
4563.7001953125,4564.5,4562.0,4562.7001953125,273
4562.89990234375,4563.7001953125,4561.2998046875,4561.7001953125,334
4561.2998046875,4564.0,4560.2001953125,4563.0,500
4563.2001953125,4566.0,4562.7998046875,4564.2998046875,382
4564.2001953125,4566.0,4563.39990234375,4565.5,178
4565.60009765625,4567.2001953125,4565.0,4565.7001953125,371
4565.89990234375,4568.10009765625,4565.7001953125,4568.10009765625,193
4568.5,4571.7001953125,4567.7001953125,4570.10009765625,754
4570.2998046875,4572.0,4569.39990234375,4569.60009765625,367
4569.60009765625,4572.0,4569.60009765625,4571.7001953125,274
4571.7998046875,4574.7001953125,4570.7001953125,4573.89990234375,740
4574.0,4584.2998046875,4572.2001953125,4578.0,2202
4578.2001953125,4592.2998046875,4578.10009765625,4581.60009765625,3168
4580.0,4592.5,4579.60009765625,4591.7001953125,1434
4591.7001953125,4592.60009765625,4587.0,4591.5,1167
4591.5,4592.7001953125,4585.0,4585.39990234375,929
4585.0,4588.89990234375,4580.7998046875,4581.10009765625,1122
4581.2001953125,4588.7998046875,4580.2998046875,4586.39990234375,782
4587.0,4588.39990234375,4585.10009765625,4586.60009765625,539
4584.7998046875,4586.5,4578.60009765625,4581.5,712
4580.39990234375,4585.2998046875,4578.89990234375,4579.89990234375,480
4579.7998046875,4582.5,4577.7998046875,4581.60009765625,435
4581.2001953125,4588.89990234375,4580.0,4588.89990234375,423
4589.0,4593.39990234375,4587.89990234375,4592.2001953125,1132
4592.2998046875,4593.7001953125,4590.2998046875,4591.10009765625,484
4591.2001953125,4591.7998046875,4586.39990234375,4591.7998046875,614
4592.60009765625,4593.5,4588.0,4590.89990234375,364
4591.39990234375,4596.2001953125,4590.0,4595.7998046875,630
4596.0,4596.0,4592.2998046875,4593.5,284
4593.39990234375,4597.0,4592.7001953125,4595.89990234375,592
4595.89990234375,4597.10009765625,4590.0,4590.39990234375,469
4590.5,4590.5,4583.39990234375,4583.7001953125,915
4583.2001953125,4584.2001953125,4581.2001953125,4581.5,550
4581.60009765625,4582.89990234375,4579.2001953125,4579.89990234375,605
4580.2001953125,4584.2001953125,4579.5,4583.2998046875,637
4582.2998046875,4584.10009765625,4581.7001953125,4582.2001953125,365
4582.60009765625,4587.2998046875,4582.60009765625,4586.0,447
4585.89990234375,4590.39990234375,4584.60009765625,4588.39990234375,519
4588.5,4589.7001953125,4587.39990234375,4588.7001953125,340
4588.2998046875,4589.39990234375,4586.7001953125,4588.60009765625,316
4588.39990234375,4590.0,4582.60009765625,4585.10009765625,400
4585.2998046875,4586.2001953125,4584.2001953125,4584.2001953125,185
4583.39990234375,4584.60009765625,4581.60009765625,4584.39990234375,284
4584.60009765625,4585.10009765625,4579.60009765625,4580.2001953125,409
4580.2001953125,4581.60009765625,4578.39990234375,4580.0,593
4580.2001953125,4582.89990234375,4578.2998046875,4578.60009765625,502
4578.10009765625,4579.7998046875,4576.39990234375,4579.2998046875,563
4579.39990234375,4580.2001953125,4578.0,4578.60009765625,206
4579.0,4581.10009765625,4576.60009765625,4577.2998046875,246
4576.7998046875,4577.2001953125,4573.2001953125,4574.60009765625,630
4575.2001953125,4576.10009765625,4573.10009765625,4573.7001953125,290
4573.39990234375,4573.7001953125,4570.10009765625,4571.0,413
4571.7001953125,4575.7998046875,4571.39990234375,4574.39990234375,252
4574.39990234375,4574.5,4563.5,4567.7001953125,1072
4567.7001953125,4569.89990234375,4566.89990234375,4567.60009765625,316
4567.5,4573.2001953125,4566.7998046875,4572.10009765625,251
4572.2998046875,4575.2998046875,4570.10009765625,4574.5,268
4574.39990234375,4575.39990234375,4573.2001953125,4575.2001953125,229
4575.0,4577.2001953125,4574.7001953125,4575.2998046875,529
4575.39990234375,4577.2001953125,4574.89990234375,4576.10009765625,98
4575.7001953125,4577.39990234375,4573.89990234375,4575.0,145
4574.60009765625,4575.2998046875,4573.2998046875,4574.60009765625,278
4575.0,4575.39990234375,4571.39990234375,4571.7001953125,103
4571.7001953125,4573.7998046875,4571.7001953125,4573.7998046875,72
4573.60009765625,4575.7998046875,4573.2998046875,4574.60009765625,137
4575.0,4575.7998046875,4573.2998046875,4575.2001953125,121
4575.60009765625,4577.10009765625,4575.5,4577.10009765625,95
4577.60009765625,4579.10009765625,4575.7998046875,4578.7001953125,298
4578.7001953125,4579.39990234375,4577.60009765625,4579.2998046875,259
4579.5,4579.7998046875,4577.10009765625,4577.2998046875,162
4578.10009765625,4579.39990234375,4577.0,4578.7998046875,166
4579.5,4580.5,4578.7001953125,4580.10009765625,196
4579.89990234375,4580.7001953125,4579.39990234375,4580.0,110
4579.39990234375,4580.0,4576.7998046875,4578.60009765625,236
4578.39990234375,4578.39990234375,4575.10009765625,4575.5,74
4575.5,4578.0,4574.89990234375,4575.39990234375,92
4575.89990234375,4577.2001953125,4574.89990234375,4577.10009765625,61
4576.89990234375,4576.89990234375,4575.2998046875,4576.0,61
4575.5,4576.89990234375,4574.89990234375,4576.2998046875,98
4575.7998046875,4576.2998046875,4575.2001953125,4575.60009765625,44
4576.2001953125,4576.2001953125,4574.89990234375,4575.7998046875,61
4574.39990234375,4575.0,4571.89990234375,4571.89990234375,163
4572.10009765625,4572.2001953125,4568.89990234375,4570.2998046875,444
4570.10009765625,4570.7998046875,4568.2998046875,4568.7998046875,153
4568.10009765625,4568.7998046875,4566.2001953125,4567.10009765625,328
4567.0,4567.0,4564.5,4565.10009765625,272
4565.39990234375,4566.10009765625,4564.60009765625,4565.2998046875,209
4565.60009765625,4567.39990234375,4565.2001953125,4566.7001953125,136
4566.7001953125,4567.7001953125,4565.0,4567.2001953125,115
4567.0,4569.2001953125,4567.0,4568.2001953125,127
4568.10009765625,4568.89990234375,4567.10009765625,4567.89990234375,109
4567.89990234375,4567.89990234375,4566.2001953125,4566.7001953125,72
4566.5,4568.60009765625,4565.60009765625,4567.60009765625,152
4567.60009765625,4568.10009765625,4565.5,4565.89990234375,62
4566.5,4569.10009765625,4566.2998046875,4567.89990234375,64
4567.89990234375,4567.89990234375,4565.60009765625,4565.60009765625,55
4565.7001953125,4565.7001953125,4564.0,4564.7001953125,114
4564.7001953125,4565.10009765625,4561.39990234375,4562.2998046875,217
4562.5,4565.2001953125,4561.7001953125,4564.89990234375,134
4564.89990234375,4565.7998046875,4563.89990234375,4565.60009765625,69
4565.89990234375,4566.2001953125,4562.7998046875,4563.7001953125,197
4563.5,4564.10009765625,4561.60009765625,4562.10009765625,121
4561.89990234375,4562.2998046875,4559.2001953125,4561.0,601
4561.0,4564.2001953125,4560.89990234375,4563.7998046875,144
4564.2998046875,4566.60009765625,4563.7001953125,4565.7001953125,141
4565.89990234375,4567.60009765625,4565.10009765625,4567.39990234375,145
4567.5,4569.2998046875,4567.0,4568.10009765625,192
4567.7998046875,4568.0,4566.0,4566.0,68
4565.7998046875,4565.7998046875,4563.7998046875,4565.2001953125,172
4565.2001953125,4565.2998046875,4563.60009765625,4563.7998046875,98
4563.7998046875,4566.2998046875,4563.7998046875,4565.7998046875,55
4565.7001953125,4566.7998046875,4565.7001953125,4566.0,54
4565.7998046875,4566.5,4564.0,4564.39990234375,81
4564.39990234375,4565.2001953125,4564.0,4565.0,81
4565.10009765625,4566.5,4564.5,4565.7001953125,65
4565.60009765625,4566.39990234375,4563.89990234375,4565.0,64
4565.5,4569.0,4565.5,4568.7998046875,158
4568.2001953125,4569.10009765625,4567.5,4568.0,138
4568.10009765625,4568.5,4567.0,4568.2001953125,62
4568.0,4568.89990234375,4568.0,4568.60009765625,396
4568.5,4570.60009765625,4567.89990234375,4568.2998046875,384
4567.89990234375,4568.7001953125,4567.7001953125,4567.7001953125,63
4568.0,4568.2998046875,4566.39990234375,4566.7001953125,68
4567.0,4567.10009765625,4565.39990234375,4567.10009765625,56
4567.2998046875,4567.39990234375,4566.2001953125,4566.2001953125,38
4565.89990234375,4566.7998046875,4565.60009765625,4566.5,225
4566.39990234375,4566.7998046875,4565.7001953125,4565.89990234375,42
4566.2001953125,4567.7998046875,4565.5,4566.60009765625,189
4566.7001953125,4567.2998046875,4566.2001953125,4566.2001953125,79
4565.7001953125,4566.7998046875,4564.2001953125,4566.7001953125,103
4566.7998046875,4568.7001953125,4566.5,4568.7001953125,132
4568.39990234375,4569.2001953125,4568.10009765625,4568.5,108
4568.5,4570.89990234375,4567.2998046875,4567.2998046875,482
4567.7001953125,4569.0,4567.2001953125,4567.89990234375,82
4568.10009765625,4568.5,4567.7001953125,4567.7998046875,67
4568.2001953125,4568.2998046875,4566.89990234375,4567.7998046875,67
4567.7001953125,4568.10009765625,4566.39990234375,4566.89990234375,86
4566.60009765625,4567.7998046875,4566.2998046875,4567.2001953125,66
4567.10009765625,4567.2998046875,4564.2001953125,4565.2001953125,103
4565.2001953125,4567.0,4565.2001953125,4566.39990234375,56
4566.2998046875,4566.7998046875,4565.7998046875,4565.89990234375,65
4565.7998046875,4565.89990234375,4564.10009765625,4565.2001953125,77
4565.0,4565.60009765625,4564.89990234375,4565.39990234375,37
4565.5,4565.89990234375,4564.89990234375,4564.89990234375,32
4564.5,4567.2001953125,4564.2998046875,4565.7998046875,162
4565.60009765625,4566.2998046875,4564.5,4564.5,110
4564.39990234375,4567.5,4564.2998046875,4567.2001953125,112
4567.5,4567.7998046875,4566.89990234375,4567.39990234375,58
4567.7001953125,4567.7998046875,4566.5,4567.0,56
4566.7001953125,4567.2998046875,4564.7998046875,4565.2998046875,121
4565.5,4567.10009765625,4564.89990234375,4567.10009765625,111
4567.5,4568.7998046875,4567.0,4568.10009765625,146
4568.0,4570.7001953125,4567.7998046875,4569.10009765625,566
4569.0,4569.10009765625,4568.39990234375,4568.5,69
4568.0,4568.7998046875,4567.10009765625,4567.89990234375,138
4567.7998046875,4568.5,4567.10009765625,4568.10009765625,73
4568.10009765625,4569.60009765625,4567.7001953125,4569.2001953125,79
4569.0,4569.60009765625,4566.0,4566.7001953125,154
4566.7998046875,4568.60009765625,4566.7998046875,4568.39990234375,72
4568.60009765625,4573.39990234375,4568.5,4569.60009765625,1190
4569.7001953125,4570.2001953125,4567.2998046875,4567.5,277
4567.89990234375,4573.10009765625,4567.7001953125,4573.0,182
4572.89990234375,4573.39990234375,4572.2998046875,4572.89990234375,112
4573.0,4574.2998046875,4572.60009765625,4572.60009765625,100
4573.0,4575.10009765625,4572.7998046875,4575.0,232
4574.7001953125,4575.2001953125,4573.2001953125,4574.0,64
4573.5,4573.60009765625,4572.7998046875,4573.39990234375,34
4573.7998046875,4573.7998046875,4573.10009765625,4573.5,20
4573.5,4574.10009765625,4572.7001953125,4574.0,33
4573.89990234375,4574.5,4573.39990234375,4573.60009765625,32
4573.39990234375,4574.60009765625,4572.89990234375,4573.39990234375,81
4573.39990234375,4574.10009765625,4573.10009765625,4573.39990234375,72
4573.2001953125,4574.0,4573.10009765625,4573.5,44
4573.60009765625,4574.60009765625,4573.5,4574.2001953125,13
4574.60009765625,4574.89990234375,4574.2998046875,4574.89990234375,18
4574.7001953125,4575.0,4574.0,4574.7001953125,45
4574.7998046875,4576.2001953125,4574.39990234375,4576.0,61
4576.2998046875,4576.89990234375,4575.60009765625,4576.0,76
4576.0,4576.89990234375,4576.0,4576.2001953125,36
4576.10009765625,4576.10009765625,4575.10009765625,4575.7998046875,39
4575.39990234375,4576.60009765625,4575.2998046875,4575.7998046875,81
4576.0,4576.0,4575.0,4575.0,40
4575.0,4575.10009765625,4574.7001953125,4574.7001953125,32
4574.7001953125,4574.7998046875,4573.60009765625,4574.2998046875,94
4574.39990234375,4575.10009765625,4574.10009765625,4575.0,19
4575.10009765625,4575.5,4574.2998046875,4575.0,27
4575.10009765625,4575.7001953125,4575.10009765625,4575.60009765625,26
4575.5,4576.2998046875,4575.2998046875,4576.2001953125,29
4576.39990234375,4576.89990234375,4575.60009765625,4575.7998046875,59
4575.7998046875,4576.39990234375,4575.5,4576.0,41
4576.0,4577.5,4576.0,4577.2001953125,109
4576.89990234375,4577.2998046875,4574.89990234375,4576.0,80
4576.10009765625,4576.89990234375,4576.10009765625,4576.7001953125,27
4577.2001953125,4578.60009765625,4577.2001953125,4578.60009765625,54
4578.39990234375,4578.7001953125,4577.2998046875,4578.10009765625,131
4577.89990234375,4578.7998046875,4577.0,4577.39990234375,66
4577.2998046875,4577.7998046875,4575.7001953125,4575.7001953125,87
4575.60009765625,4575.89990234375,4573.10009765625,4573.5,231
4573.7001953125,4573.7001953125,4571.2998046875,4572.0,113
4572.2998046875,4573.0,4572.0,4572.89990234375,99
4573.0,4573.0,4570.5,4570.7998046875,138
4571.0,4571.0,4569.10009765625,4569.5,265
4569.7001953125,4570.0,4565.2998046875,4566.60009765625,438
4566.39990234375,4567.89990234375,4566.39990234375,4566.89990234375,138
4567.2998046875,4568.0,4566.89990234375,4567.2998046875,78
4567.39990234375,4568.60009765625,4566.89990234375,4567.89990234375,59
4567.5,4568.2998046875,4564.7001953125,4565.5,204
4565.89990234375,4567.2001953125,4565.7001953125,4566.5,45
4566.2001953125,4570.0,4565.39990234375,4569.60009765625,151
4569.60009765625,4572.39990234375,4569.39990234375,4572.2998046875,149
4572.10009765625,4572.2998046875,4571.5,4572.0,99
4571.7001953125,4573.2998046875,4571.7001953125,4573.2998046875,38
4573.10009765625,4574.5,4572.7998046875,4573.5,53
4573.2998046875,4573.39990234375,4571.89990234375,4572.10009765625,44
4572.2001953125,4573.0,4572.10009765625,4572.39990234375,14
4572.7998046875,4574.7001953125,4572.7998046875,4574.10009765625,100
4574.2998046875,4575.39990234375,4574.2998046875,4575.10009765625,151
4575.0,4576.0,4575.0,4576.0,14
4575.7998046875,4575.7998046875,4574.7001953125,4574.7001953125,37
4575.10009765625,4576.60009765625,4575.10009765625,4575.89990234375,62
4575.2998046875,4577.2998046875,4575.0,4577.2998046875,45
4577.10009765625,4577.7998046875,4576.5,4576.7001953125,46
4577.0,4577.2998046875,4576.2998046875,4577.2998046875,32
4577.10009765625,4577.2998046875,4575.89990234375,4576.0,52
4575.7998046875,4576.60009765625,4575.2998046875,4575.7998046875,67
4575.5,4577.0,4575.2001953125,4576.10009765625,49
4575.89990234375,4578.60009765625,4575.7001953125,4578.60009765625,65
4578.5,4579.2001953125,4578.10009765625,4579.2001953125,107
4579.10009765625,4579.7001953125,4577.89990234375,4578.0,114
4578.2001953125,4578.39990234375,4576.89990234375,4577.60009765625,33
4577.0,4577.5,4576.60009765625,4577.5,27
4577.39990234375,4577.60009765625,4577.2998046875,4577.2998046875,14
4577.7001953125,4578.0,4577.2998046875,4577.89990234375,16
4577.39990234375,4577.89990234375,4576.39990234375,4577.2001953125,56
4577.0,4577.2998046875,4576.10009765625,4576.5,38
4576.60009765625,4576.89990234375,4575.39990234375,4575.5,52
4575.0,4575.2998046875,4574.10009765625,4575.10009765625,60
4575.10009765625,4575.5,4574.60009765625,4575.5,34
4575.39990234375,4576.2001953125,4575.2998046875,4576.2001953125,33
4576.7001953125,4577.60009765625,4576.10009765625,4577.5,47
4577.5,4578.89990234375,4577.5,4578.60009765625,22
4578.7001953125,4581.10009765625,4578.7001953125,4579.10009765625,432
4579.0,4581.7001953125,4579.0,4580.39990234375,171
4580.5,4580.60009765625,4579.60009765625,4580.2001953125,328
4580.2001953125,4581.0,4580.0,4580.89990234375,47
4581.10009765625,4581.2998046875,4580.0,4580.10009765625,46
4580.2998046875,4581.0,4579.7998046875,4580.39990234375,57
4580.5,4580.7001953125,4580.0,4580.39990234375,42
4580.0,4580.0,4578.10009765625,4578.39990234375,47
4578.2998046875,4578.89990234375,4577.5,4578.7001953125,85
4578.5,4578.5,4574.7001953125,4577.89990234375,139
4578.0,4578.39990234375,4577.7001953125,4577.7001953125,30
4577.39990234375,4577.7001953125,4577.0,4577.7001953125,15
4577.5,4578.89990234375,4577.5,4578.2998046875,37
4578.7001953125,4578.7998046875,4577.10009765625,4578.2001953125,58
4578.2998046875,4578.89990234375,4577.7998046875,4578.60009765625,28
4579.10009765625,4579.39990234375,4578.5,4579.39990234375,11
4579.7998046875,4580.89990234375,4579.7998046875,4580.5,31
4580.60009765625,4582.5,4580.2998046875,4581.7001953125,71
4581.7998046875,4582.89990234375,4581.5,4582.89990234375,144
4582.89990234375,4583.0,4580.7998046875,4581.10009765625,66
4581.2998046875,4581.5,4581.10009765625,4581.2998046875,26
4581.5,4582.60009765625,4581.5,4582.60009765625,42
4582.7001953125,4584.5,4582.60009765625,4584.2001953125,94
4584.5,4584.60009765625,4583.7998046875,4584.2001953125,48
4584.2001953125,4584.89990234375,4584.2001953125,4584.60009765625,53
4584.7998046875,4585.89990234375,4584.60009765625,4585.2998046875,78
4585.0,4585.39990234375,4584.0,4584.2998046875,62
4584.2001953125,4584.5,4584.0,4584.10009765625,45
4583.2998046875,4583.60009765625,4582.10009765625,4582.2001953125,56
4582.60009765625,4583.2001953125,4581.39990234375,4581.60009765625,53
4581.5,4581.7001953125,4580.2001953125,4580.7998046875,59
4580.89990234375,4582.5,4580.7998046875,4582.39990234375,113
4582.60009765625,4584.5,4582.39990234375,4584.39990234375,170
4584.2001953125,4584.5,4583.39990234375,4583.5,51
4583.39990234375,4584.10009765625,4583.10009765625,4583.5,40
4583.5,4583.5,4582.0,4582.0,56
4582.0,4582.5,4580.89990234375,4581.7998046875,56
4581.89990234375,4581.89990234375,4580.0,4580.2001953125,52
4580.5,4580.5,4579.10009765625,4579.2001953125,51
4579.0,4580.2998046875,4578.2001953125,4579.60009765625,84
4579.2998046875,4580.39990234375,4579.2001953125,4579.7001953125,56
4579.7001953125,4580.7998046875,4579.2998046875,4580.60009765625,45
4580.5,4580.89990234375,4579.89990234375,4580.0,30
4580.10009765625,4580.2998046875,4579.7998046875,4580.10009765625,38
4579.7001953125,4580.2001953125,4579.2001953125,4580.2001953125,26
4580.7001953125,4582.0,4579.7001953125,4581.39990234375,48
4581.60009765625,4583.2998046875,4581.0,4583.2001953125,70
4583.89990234375,4585.7001953125,4583.60009765625,4583.7998046875,109
4583.89990234375,4584.7998046875,4583.89990234375,4584.7001953125,24
4584.7998046875,4584.89990234375,4583.7998046875,4583.7998046875,45
4583.7001953125,4583.89990234375,4583.39990234375,4583.7001953125,39
4583.89990234375,4584.10009765625,4582.89990234375,4582.89990234375,51
4582.60009765625,4584.39990234375,4582.60009765625,4583.0,94
4583.0,4584.10009765625,4582.39990234375,4582.39990234375,75
4582.39990234375,4583.5,4581.0,4583.5,105
4583.39990234375,4584.2001953125,4582.0,4582.0,38
4582.2001953125,4582.60009765625,4581.0,4582.10009765625,90
4582.10009765625,4584.2001953125,4581.89990234375,4584.2001953125,43
4584.5,4586.0,4584.5,4584.7998046875,174
4584.5,4586.89990234375,4584.39990234375,4586.7001953125,108
4586.89990234375,4587.2998046875,4584.7998046875,4584.7998046875,122
4584.7001953125,4585.7001953125,4584.10009765625,4585.60009765625,60
4585.7001953125,4587.7001953125,4585.0,4587.5,78
4587.5,4588.0,4586.60009765625,4587.10009765625,104
4586.7998046875,4587.2001953125,4586.2998046875,4587.2001953125,86
4587.2001953125,4587.5,4584.0,4585.10009765625,177
4584.7998046875,4585.0,4583.2001953125,4584.2998046875,109
4584.60009765625,4585.10009765625,4583.39990234375,4583.39990234375,75
4583.60009765625,4585.10009765625,4582.60009765625,4585.10009765625,152
4584.7998046875,4585.2001953125,4584.10009765625,4584.7001953125,124
4584.5,4585.2001953125,4582.60009765625,4582.60009765625,56
4582.7998046875,4583.2001953125,4582.0,4582.7998046875,31
4583.2001953125,4584.0,4583.2001953125,4584.0,16
4584.10009765625,4584.5,4583.10009765625,4583.2998046875,19
4583.10009765625,4584.10009765625,4583.10009765625,4583.39990234375,32
4583.2998046875,4583.39990234375,4582.0,4582.60009765625,64
4582.2001953125,4582.2001953125,4581.2998046875,4581.2998046875,18
4581.5,4581.5,4578.89990234375,4579.10009765625,123
4579.2001953125,4579.7001953125,4579.0,4579.5,21
4579.2001953125,4580.7998046875,4579.2001953125,4580.2998046875,42
4580.60009765625,4580.7998046875,4580.39990234375,4580.39990234375,12
4580.5,4580.89990234375,4580.10009765625,4580.89990234375,42
4581.10009765625,4581.10009765625,4578.7998046875,4579.0,46
4579.0,4579.5,4578.7998046875,4578.89990234375,29
4578.7001953125,4579.0,4577.89990234375,4577.89990234375,41
4578.2998046875,4578.39990234375,4577.89990234375,4577.89990234375,6
4577.7998046875,4577.89990234375,4576.7001953125,4577.5,38
4577.39990234375,4578.39990234375,4577.39990234375,4578.39990234375,21
4577.89990234375,4578.2998046875,4577.60009765625,4578.2998046875,11
4578.2998046875,4578.2998046875,4578.10009765625,4578.2001953125,32
4578.0,4578.0,4577.89990234375,4578.0,3
4577.60009765625,4578.10009765625,4577.2001953125,4577.39990234375,32
4577.39990234375,4578.10009765625,4576.89990234375,4577.7001953125,45
4577.7998046875,4578.5,4577.39990234375,4577.7998046875,18
4577.7998046875,4577.7998046875,4576.7001953125,4577.2998046875,28
4577.2998046875,4577.2998046875,4576.7998046875,4576.7998046875,8
4576.89990234375,4577.7998046875,4576.89990234375,4577.7001953125,34
4577.7998046875,4577.89990234375,4577.2001953125,4577.2998046875,35
4577.60009765625,4578.2001953125,4576.89990234375,4577.10009765625,63
4577.10009765625,4577.2001953125,4576.5,4576.7998046875,34
4577.10009765625,4577.10009765625,4575.5,4576.2998046875,55
4576.0,4576.2001953125,4575.5,4575.5,21
4575.2001953125,4575.39990234375,4574.39990234375,4574.5,69
4574.60009765625,4574.60009765625,4573.0,4574.2001953125,63
4574.2001953125,4574.7998046875,4573.7001953125,4574.10009765625,28
4573.7998046875,4574.39990234375,4573.7001953125,4574.0,15
4573.89990234375,4574.2001953125,4573.89990234375,4574.2001953125,14
4574.10009765625,4574.7998046875,4573.89990234375,4574.0,34
4574.0,4574.2998046875,4573.5,4573.60009765625,29
4574.0,4574.7998046875,4573.89990234375,4574.39990234375,15
4574.39990234375,4574.39990234375,4574.2001953125,4574.2001953125,9
4574.5,4574.60009765625,4574.10009765625,4574.10009765625,10
4574.39990234375,4574.89990234375,4574.2998046875,4574.89990234375,21
4574.7998046875,4574.7998046875,4574.2001953125,4574.39990234375,17
4574.60009765625,4574.7998046875,4574.2998046875,4574.7001953125,23
4574.7998046875,4575.2001953125,4574.7998046875,4574.7998046875,33
4575.0,4575.0,4574.39990234375,4574.5,16
4574.2998046875,4574.2998046875,4574.2001953125,4574.2001953125,4
4574.2001953125,4574.60009765625,4574.10009765625,4574.60009765625,11
4574.39990234375,4575.2001953125,4574.0,4574.7998046875,31
4574.7001953125,4577.0,4574.7001953125,4577.0,145
4576.60009765625,4577.2001953125,4576.2001953125,4577.2001953125,41
4577.10009765625,4577.2998046875,4576.60009765625,4576.60009765625,17
4576.7998046875,4576.7998046875,4575.2998046875,4575.7001953125,65
4576.10009765625,4576.39990234375,4574.89990234375,4575.5,54
4575.7001953125,4576.10009765625,4575.2998046875,4575.5,17
4575.2998046875,4575.2998046875,4574.89990234375,4574.89990234375,14
4575.10009765625,4575.39990234375,4575.10009765625,4575.39990234375,7
4575.2001953125,4575.39990234375,4574.89990234375,4575.10009765625,27
4574.60009765625,4577.7001953125,4571.0,4577.0,0
4576.0,4577.2998046875,4575.5,4576.10009765625,40
4575.7001953125,4576.10009765625,4575.5,4576.0,8
4575.39990234375,4576.2998046875,4575.39990234375,4575.89990234375,27
4576.0,4576.7998046875,4575.5,4575.7001953125,42
4576.39990234375,4577.10009765625,4576.2001953125,4576.7998046875,13
4576.7998046875,4577.2998046875,4576.39990234375,4576.60009765625,29
4576.7001953125,4576.7998046875,4575.5,4576.0,34
4575.60009765625,4575.60009765625,4575.60009765625,4575.60009765625,2
4575.7001953125,4575.7001953125,4574.2998046875,4574.2998046875,17
4574.2998046875,4574.2998046875,4572.89990234375,4573.39990234375,24
4573.5,4575.60009765625,4573.5,4575.5,53
4575.7001953125,4575.7001953125,4574.2001953125,4574.2001953125,16
4574.5,4574.7998046875,4574.39990234375,4574.7998046875,6
4574.39990234375,4575.2001953125,4574.39990234375,4574.60009765625,22
4574.89990234375,4575.89990234375,4574.60009765625,4575.7998046875,18
4575.60009765625,4575.89990234375,4574.89990234375,4575.89990234375,12
4575.7001953125,4576.0,4575.10009765625,4576.0,14
4576.10009765625,4576.10009765625,4575.39990234375,4575.7998046875,16
4575.7998046875,4576.2001953125,4575.7001953125,4575.89990234375,13
4575.5,4576.10009765625,4575.5,4576.10009765625,7
4575.39990234375,4575.7001953125,4574.5,4574.60009765625,22
4574.7998046875,4574.89990234375,4574.2998046875,4574.5,25
4574.60009765625,4574.60009765625,4574.0,4574.0,8
4574.2998046875,4574.7998046875,4574.2001953125,4574.2998046875,25
4574.60009765625,4575.2001953125,4574.39990234375,4575.2001953125,17
4575.2998046875,4575.39990234375,4574.89990234375,4575.10009765625,26
4574.89990234375,4576.10009765625,4574.89990234375,4575.7001953125,63
4576.2001953125,4576.7998046875,4575.10009765625,4575.10009765625,84
4575.10009765625,4575.60009765625,4574.7998046875,4575.39990234375,40
4575.60009765625,4575.89990234375,4574.39990234375,4575.0,143
4574.89990234375,4575.7998046875,4574.89990234375,4575.2998046875,19
4575.2998046875,4575.2998046875,4574.7998046875,4574.7998046875,17
4575.10009765625,4575.7998046875,4575.10009765625,4575.7998046875,12
4575.89990234375,4576.2998046875,4575.7998046875,4576.0,21
4576.0,4576.2998046875,4575.7001953125,4576.0,34
4575.89990234375,4577.0,4575.89990234375,4576.7998046875,32
4576.39990234375,4576.89990234375,4575.89990234375,4576.7998046875,17
4576.7998046875,4578.60009765625,4576.7001953125,4578.10009765625,39
4577.7001953125,4578.10009765625,4577.5,4577.5,12
4577.39990234375,4578.2001953125,4577.2998046875,4578.2001953125,49
4577.89990234375,4578.5,4577.89990234375,4578.2001953125,56
4578.2998046875,4579.10009765625,4578.0,4578.7998046875,49
4579.0,4579.5,4578.89990234375,4579.39990234375,66
4579.2998046875,4579.7998046875,4578.5,4578.7001953125,44
4578.89990234375,4579.5,4578.89990234375,4579.39990234375,28
4579.39990234375,4579.7001953125,4578.0,4578.5,46
4578.5,4578.5,4575.7001953125,4576.2998046875,228
4576.5,4576.89990234375,4575.5,4576.2001953125,96
4576.39990234375,4578.0,4576.10009765625,4578.0,60
4577.7998046875,4578.10009765625,4577.60009765625,4578.0,14
4578.10009765625,4579.0,4577.7998046875,4579.0,22
4578.89990234375,4579.7998046875,4578.7001953125,4579.7001953125,31
4579.7001953125,4580.2001953125,4579.7001953125,4579.89990234375,26
4579.7001953125,4579.7998046875,4579.2001953125,4579.7001953125,23
4579.5,4579.89990234375,4579.5,4579.89990234375,22
4579.7998046875,4579.89990234375,4579.2998046875,4579.7998046875,36
4579.89990234375,4580.0,4579.5,4579.7998046875,31
4580.2001953125,4580.2001953125,4579.7001953125,4579.7001953125,14
4579.7001953125,4580.2001953125,4579.60009765625,4580.2001953125,9
4579.89990234375,4580.39990234375,4579.7001953125,4579.7001953125,23
4579.7001953125,4580.39990234375,4579.39990234375,4580.39990234375,29
4580.60009765625,4583.2001953125,4580.60009765625,4583.10009765625,208
4582.7998046875,4585.7998046875,4582.60009765625,4585.10009765625,167
4584.89990234375,4585.2998046875,4584.60009765625,4585.10009765625,34
4585.10009765625,4585.7998046875,4585.10009765625,4585.7998046875,50
4585.7001953125,4586.2001953125,4584.60009765625,4584.89990234375,90
4585.2998046875,4585.89990234375,4583.89990234375,4584.2001953125,103
4584.0,4584.2998046875,4581.10009765625,4581.10009765625,174
4581.10009765625,4583.10009765625,4580.89990234375,4582.7001953125,121
4583.2001953125,4583.7998046875,4583.2001953125,4583.2001953125,8
4584.5,4585.0,4584.2001953125,4584.2001953125,13
4584.7001953125,4589.0,4584.7001953125,4587.39990234375,227
4587.2001953125,4588.39990234375,4586.39990234375,4587.2001953125,72
4587.5,4588.0,4586.7001953125,4587.60009765625,44
4587.5,4587.7998046875,4586.60009765625,4587.10009765625,23
4586.7998046875,4587.7001953125,4585.7998046875,4586.0,58
4586.0,4586.7001953125,4585.2998046875,4585.7998046875,47
4586.60009765625,4587.39990234375,4586.39990234375,4587.39990234375,8
4587.7998046875,4588.39990234375,4587.5,4587.5,28
4587.60009765625,4587.60009765625,4586.2001953125,4586.2001953125,41
4586.0,4586.2998046875,4585.60009765625,4586.2001953125,15
4585.7001953125,4585.7001953125,4584.10009765625,4584.2001953125,51
4584.5,4585.2001953125,4584.10009765625,4584.7998046875,23
4585.10009765625,4585.10009765625,4584.39990234375,4584.7998046875,22
4584.89990234375,4585.60009765625,4584.5,4585.60009765625,57
4585.60009765625,4586.39990234375,4583.5,4583.60009765625,143
4583.89990234375,4585.10009765625,4583.60009765625,4585.10009765625,33
4585.2998046875,4585.2998046875,4578.5,4582.2001953125,301
4582.2001953125,4583.2001953125,4580.7001953125,4583.10009765625,124
4582.89990234375,4583.7998046875,4581.7001953125,4583.39990234375,143
4583.7998046875,4584.5,4580.89990234375,4581.2998046875,63
4581.60009765625,4581.7001953125,4578.2998046875,4580.2001953125,165
4580.2998046875,4580.7001953125,4579.2998046875,4580.5,65
4580.39990234375,4580.7998046875,4579.0,4579.39990234375,49
4579.2998046875,4579.89990234375,4578.39990234375,4578.7998046875,41
4578.39990234375,4578.7001953125,4577.10009765625,4578.0,147
4578.10009765625,4579.39990234375,4578.10009765625,4579.0,28
4579.2998046875,4580.5,4579.2998046875,4580.2001953125,15
4580.2998046875,4580.2998046875,4579.39990234375,4579.7001953125,17
4580.60009765625,4581.0,4580.2001953125,4581.0,8
4580.7001953125,4581.39990234375,4580.60009765625,4581.0,19
4580.7998046875,4580.7998046875,4579.89990234375,4579.89990234375,15
4580.7998046875,4580.7998046875,4580.39990234375,4580.7001953125,5
4580.89990234375,4580.89990234375,4580.7998046875,4580.7998046875,5
4580.89990234375,4581.0,4580.2001953125,4580.39990234375,15
4580.0,4580.5,4579.2001953125,4580.5,30
4580.5,4581.7001953125,4580.5,4581.5,19
4581.89990234375,4581.89990234375,4581.10009765625,4581.39990234375,18
4581.39990234375,4583.7998046875,4581.39990234375,4583.5,36
4583.2001953125,4583.60009765625,4582.7001953125,4583.60009765625,7
4583.2998046875,4583.7001953125,4582.2998046875,4582.2998046875,13
4582.39990234375,4582.89990234375,4582.10009765625,4582.2001953125,14
4582.2001953125,4583.5,4582.2001953125,4583.2998046875,11
4583.5,4584.2998046875,4583.39990234375,4584.2001953125,16
4583.5,4583.5,4582.2998046875,4582.7998046875,18
4582.7001953125,4582.7001953125,4582.10009765625,4582.39990234375,12
4582.60009765625,4583.5,4582.60009765625,4583.2001953125,16
4582.10009765625,4584.10009765625,4582.0,4583.89990234375,61
4583.7998046875,4584.0,4581.89990234375,4582.2001953125,24
4582.2998046875,4583.60009765625,4582.0,4582.10009765625,36
4582.2001953125,4583.60009765625,4581.60009765625,4581.89990234375,44
4581.5,4583.7001953125,4581.2998046875,4582.5,40
4582.7001953125,4582.89990234375,4580.0,4580.2998046875,47
4580.0,4580.0,4578.5,4578.7998046875,25
4579.10009765625,4579.2001953125,4577.10009765625,4577.39990234375,32
4577.39990234375,4578.10009765625,4576.39990234375,4576.7001953125,27
4577.39990234375,4579.39990234375,4576.7998046875,4577.7001953125,58
4579.0,4579.0,4577.2001953125,4577.2001953125,13
4576.89990234375,4576.89990234375,4576.0,4576.39990234375,38
4576.5,4579.5,4576.39990234375,4579.10009765625,41
4579.10009765625,4579.2001953125,4577.2001953125,4577.7001953125,27
4577.39990234375,4578.2001953125,4576.2998046875,4576.2998046875,48
4576.0,4576.89990234375,4574.2998046875,4576.5,239
4574.60009765625,4576.10009765625,4573.7998046875,4575.10009765625,93
4574.89990234375,4575.2998046875,4573.2001953125,4573.2001953125,56
4573.89990234375,4574.2998046875,4571.0,4571.39990234375,147
4571.60009765625,4574.60009765625,4571.39990234375,4574.2001953125,73
4574.10009765625,4575.0,4573.7001953125,4574.5,27
4575.0,4576.39990234375,4574.2998046875,4574.39990234375,99
4574.39990234375,4575.2998046875,4573.0,4574.7998046875,39
4575.10009765625,4575.2001953125,4573.2001953125,4573.2001953125,47
4573.39990234375,4575.10009765625,4573.2998046875,4574.39990234375,16
4575.5,4575.7001953125,4574.7998046875,4575.10009765625,32
4575.7001953125,4575.7001953125,4574.10009765625,4574.2998046875,25
4575.0,4576.89990234375,4573.89990234375,4576.7998046875,37
4576.7001953125,4577.39990234375,4576.60009765625,4577.2998046875,42
4577.2998046875,4577.2998046875,4574.7001953125,4575.2998046875,87
4574.7998046875,4575.7001953125,4574.60009765625,4575.5,23
4575.2998046875,4575.2998046875,4570.39990234375,4571.2998046875,107
4571.7001953125,4572.10009765625,4570.10009765625,4571.0,76
4570.89990234375,4572.7001953125,4569.7998046875,4572.5,86
4572.89990234375,4573.89990234375,4571.0,4571.2998046875,55
4570.89990234375,4572.5,4570.5,4572.2998046875,42
4572.39990234375,4572.39990234375,4571.2001953125,4571.2001953125,21
4571.10009765625,4572.5,4570.5,4571.89990234375,88
4572.10009765625,4572.10009765625,4569.5,4569.60009765625,85
4570.10009765625,4570.39990234375,4569.39990234375,4570.39990234375,31
4570.39990234375,4570.39990234375,4568.39990234375,4570.2001953125,130
4570.10009765625,4570.7001953125,4569.39990234375,4569.39990234375,35
4569.7001953125,4570.0,4569.2998046875,4569.2998046875,25
4569.39990234375,4569.39990234375,4567.39990234375,4567.7998046875,108
4568.0,4568.2001953125,4567.60009765625,4568.0,36
4568.7998046875,4568.7998046875,4567.89990234375,4568.7998046875,38
4569.0,4571.39990234375,4568.60009765625,4570.39990234375,73
4570.7001953125,4570.89990234375,4569.39990234375,4570.10009765625,61
4570.0,4570.0,4568.10009765625,4568.39990234375,21
4568.2001953125,4568.39990234375,4566.7998046875,4567.2998046875,49
4567.2998046875,4568.0,4566.7998046875,4567.2001953125,75
4567.39990234375,4569.2998046875,4567.2998046875,4568.60009765625,45
4568.10009765625,4568.60009765625,4568.10009765625,4568.2998046875,14
4567.7998046875,4568.10009765625,4567.0,4567.10009765625,29
4568.0,4569.39990234375,4568.0,4568.7001953125,35
4567.60009765625,4568.5,4567.10009765625,4567.10009765625,43
4568.0,4568.2998046875,4567.60009765625,4568.10009765625,14
4567.7998046875,4568.39990234375,4567.0,4567.7001953125,16
4567.2001953125,4567.7001953125,4566.89990234375,4567.10009765625,23
4567.2998046875,4568.0,4566.7001953125,4567.7998046875,17
4568.10009765625,4568.2001953125,4566.89990234375,4567.7998046875,34
4568.0,4568.0,4566.2998046875,4567.2001953125,64
4567.39990234375,4570.39990234375,4565.5,4569.39990234375,262
4569.0,4570.2001953125,4565.60009765625,4569.2998046875,117
4569.0,4573.5,4568.7998046875,4573.0,144
4572.5,4574.10009765625,4569.2998046875,4572.7998046875,211
4573.0,4573.7001953125,4569.60009765625,4569.60009765625,97
4570.0,4571.89990234375,4568.89990234375,4570.5,92
4570.89990234375,4573.0,4568.89990234375,4572.2998046875,151
4572.2998046875,4572.60009765625,4569.7998046875,4571.7998046875,41
4571.60009765625,4572.39990234375,4570.2001953125,4570.2001953125,28
4570.39990234375,4572.2001953125,4569.2998046875,4570.39990234375,57
4570.0,4571.0,4569.0,4569.5,33
4569.0,4570.2001953125,4568.7998046875,4568.7998046875,58
4569.10009765625,4575.2998046875,4568.89990234375,4574.7001953125,145
4574.5,4576.89990234375,4574.5,4575.7998046875,84
4575.10009765625,4577.7001953125,4575.10009765625,4577.39990234375,149
4577.5,4580.7001953125,4577.0,4580.2998046875,163
4580.7001953125,4581.7001953125,4580.0,4581.60009765625,87
4581.89990234375,4583.5,4580.7001953125,4580.7001953125,79
4581.10009765625,4581.10009765625,4579.89990234375,4580.7998046875,52
4580.5,4581.60009765625,4579.5,4580.89990234375,99
4581.10009765625,4582.60009765625,4578.60009765625,4582.2001953125,201
4582.39990234375,4584.2998046875,4581.60009765625,4581.60009765625,87
4581.7001953125,4583.2001953125,4581.2998046875,4582.7001953125,44
4582.5,4584.7001953125,4582.10009765625,4584.2001953125,60
4584.7001953125,4586.5,4583.10009765625,4583.10009765625,111
4583.2998046875,4584.5,4583.0,4583.0,54
4583.10009765625,4583.60009765625,4581.7998046875,4583.60009765625,67
4584.0,4587.2998046875,4583.89990234375,4586.60009765625,75
4586.39990234375,4587.0,4585.2001953125,4587.0,71
4586.89990234375,4587.2001953125,4586.10009765625,4586.39990234375,87
4585.89990234375,4587.10009765625,4585.10009765625,4586.5,117
4587.2001953125,4591.0,4587.2001953125,4589.10009765625,332
4589.2001953125,4592.10009765625,4588.7001953125,4591.7998046875,102
4591.7001953125,4593.2998046875,4591.5,4592.39990234375,196
4592.0,4596.7001953125,4592.0,4593.39990234375,530
4594.39990234375,4600.2998046875,4593.10009765625,4597.7001953125,596
4596.2998046875,4597.7998046875,4591.2001953125,4591.7998046875,309
4591.60009765625,4592.7998046875,4590.7998046875,4591.2998046875,144
4590.2998046875,4591.2001953125,4586.0,4587.2001953125,235
4586.89990234375,4587.60009765625,4583.0,4584.7001953125,211
4585.2998046875,4585.39990234375,4581.0,4581.2001953125,154
4581.39990234375,4583.0,4579.7998046875,4583.0,142
4583.0,4583.10009765625,4581.2998046875,4582.0,49
4582.60009765625,4582.7998046875,4581.2001953125,4582.0,41
4581.89990234375,4583.89990234375,4581.89990234375,4582.39990234375,47
4582.60009765625,4583.5,4582.2001953125,4583.2998046875,26
4583.39990234375,4584.7001953125,4582.7001953125,4584.5,77
4584.60009765625,4587.7998046875,4584.5,4587.5,115
4587.39990234375,4588.7001953125,4586.2998046875,4588.39990234375,72
4587.89990234375,4589.60009765625,4586.7998046875,4587.7001953125,152
4587.7998046875,4588.7001953125,4583.60009765625,4584.2001953125,126
4584.60009765625,4585.39990234375,4581.7998046875,4582.0,28
4582.2998046875,4583.5,4581.7998046875,4583.2001953125,77
4583.60009765625,4584.2998046875,4583.0,4583.5,38
4583.10009765625,4583.2998046875,4582.2001953125,4582.39990234375,41
4582.39990234375,4583.7998046875,4582.2998046875,4583.2998046875,21
4583.39990234375,4584.60009765625,4583.2001953125,4583.7998046875,39
4583.89990234375,4586.2001953125,4583.7001953125,4586.0,53
4585.7998046875,4586.5,4585.60009765625,4585.7001953125,22
4585.7001953125,4587.10009765625,4585.5,4587.0,43
4586.7001953125,4587.39990234375,4585.39990234375,4586.39990234375,53
4586.89990234375,4587.5,4584.89990234375,4584.89990234375,136
4585.0,4586.39990234375,4582.7001953125,4583.10009765625,170
4582.7001953125,4583.39990234375,4580.7998046875,4581.2998046875,313
4581.5,4582.7001953125,4577.60009765625,4578.39990234375,287
4578.7998046875,4579.10009765625,4577.5,4577.89990234375,212
4577.0,4580.5,4576.7998046875,4580.39990234375,94
4580.39990234375,4580.39990234375,4577.2998046875,4578.5,166
4578.7998046875,4579.7998046875,4578.7998046875,4579.60009765625,25
4579.7998046875,4581.2998046875,4578.39990234375,4579.0,171
4578.7998046875,4579.5,4576.0,4576.5,203
4576.2998046875,4577.2001953125,4575.7001953125,4576.7998046875,87
4577.10009765625,4577.7001953125,4574.0,4574.0,289
4574.2001953125,4578.0,4574.2001953125,4577.89990234375,59
4577.89990234375,4578.0,4576.2001953125,4576.2998046875,31
4577.2001953125,4577.7998046875,4576.39990234375,4577.2001953125,21
4576.60009765625,4578.0,4576.5,4578.0,52
4577.89990234375,4578.2998046875,4576.7001953125,4577.60009765625,54
4577.7001953125,4577.89990234375,4576.10009765625,4577.2001953125,66
4577.2998046875,4578.2998046875,4577.2001953125,4578.2001953125,50
4578.7001953125,4579.10009765625,4578.0,4579.10009765625,50
4578.5,4579.10009765625,4578.10009765625,4579.0,20
4579.2001953125,4580.60009765625,4578.7998046875,4580.5,32
4580.7001953125,4583.0,4580.60009765625,4582.7001953125,79
4582.60009765625,4583.2998046875,4582.60009765625,4583.2001953125,42
4583.5,4585.2998046875,4583.2001953125,4584.89990234375,103
4584.7998046875,4585.0,4584.2001953125,4585.0,24
4585.2001953125,4585.2001953125,4583.7001953125,4583.7998046875,56
4583.7998046875,4583.7998046875,4582.7001953125,4582.7998046875,30
4582.7001953125,4583.2998046875,4582.0,4583.2998046875,25
4584.0,4585.89990234375,4581.2998046875,4583.7998046875,262
4583.7001953125,4586.7001953125,4583.7001953125,4585.7998046875,93
4585.7001953125,4586.7001953125,4583.60009765625,4584.0,75
4583.7001953125,4583.7001953125,4581.39990234375,4581.39990234375,58
4581.60009765625,4582.89990234375,4581.60009765625,4582.2998046875,46
4582.5,4584.60009765625,4582.5,4583.7998046875,55
4584.2001953125,4584.5,4582.60009765625,4582.60009765625,26
4582.60009765625,4584.10009765625,4582.5,4583.5,22
4583.7001953125,4585.7998046875,4583.5,4585.7001953125,22
4585.60009765625,4588.0,4585.60009765625,4587.39990234375,91
4587.5,4589.60009765625,4587.0,4588.89990234375,120
4589.0,4590.2001953125,4588.10009765625,4590.2001953125,36
4590.5,4590.7998046875,4589.10009765625,4590.2998046875,39
4590.39990234375,4592.0,4590.10009765625,4591.89990234375,49
4591.7998046875,4594.0,4591.0,4593.7001953125,134
4594.10009765625,4595.60009765625,4591.0,4592.60009765625,243
4592.7998046875,4593.60009765625,4592.0,4592.2001953125,52
4592.10009765625,4593.0,4591.89990234375,4592.60009765625,35
4592.7998046875,4594.7001953125,4592.7998046875,4594.0,54
4593.60009765625,4595.7001953125,4593.5,4595.2001953125,85
4595.10009765625,4595.10009765625,4593.10009765625,4593.10009765625,77
4593.10009765625,4595.0,4590.7001953125,4594.89990234375,162
4595.10009765625,4599.2001953125,4595.10009765625,4597.7001953125,219
4597.7001953125,4597.7001953125,4595.39990234375,4595.7001953125,78
4595.7001953125,4597.2001953125,4595.39990234375,4597.10009765625,46
4597.2001953125,4597.5,4594.89990234375,4595.39990234375,65
4595.5,4595.5,4593.7001953125,4593.7998046875,43
4594.39990234375,4595.2001953125,4593.60009765625,4593.60009765625,30
4593.5,4593.60009765625,4590.39990234375,4590.39990234375,115
4590.2998046875,4591.0,4588.7001953125,4590.0,128
4590.0,4591.7001953125,4589.2998046875,4589.7001953125,47
4590.7001953125,4591.7001953125,4590.39990234375,4590.5,17
4590.39990234375,4594.10009765625,4590.39990234375,4592.7001953125,66
4593.10009765625,4594.7001953125,4592.2001953125,4592.60009765625,128
4592.39990234375,4592.5,4589.2998046875,4589.5,78
4590.0,4591.0,4590.0,4590.10009765625,18
4589.89990234375,4590.0,4588.2001953125,4589.7998046875,55
4590.0,4591.2001953125,4590.0,4590.39990234375,39
4590.0,4591.2998046875,4589.10009765625,4591.2001953125,15
4592.0,4592.0,4590.7998046875,4590.89990234375,12
4590.7001953125,4591.39990234375,4590.0,4591.39990234375,16
4591.5,4593.0,4591.5,4592.60009765625,10
4591.60009765625,4592.2998046875,4591.60009765625,4592.10009765625,13
4591.60009765625,4592.0,4590.5,4591.0,44
4590.89990234375,4591.0,4588.60009765625,4588.89990234375,66
4588.89990234375,4589.5,4588.2001953125,4589.5,67
4589.7001953125,4590.39990234375,4589.2998046875,4590.39990234375,26
4590.10009765625,4590.10009765625,4588.89990234375,4589.2998046875,26
4589.2001953125,4591.10009765625,4589.2001953125,4590.2998046875,24
4590.0,4591.0,4588.60009765625,4589.2001953125,61
4589.10009765625,4590.7001953125,4589.10009765625,4590.39990234375,17
4590.2998046875,4590.2998046875,4589.7001953125,4589.7001953125,15
4589.7001953125,4590.5,4589.10009765625,4590.0,13
4590.2001953125,4590.5,4589.7998046875,4589.89990234375,19
4590.0,4591.2001953125,4589.7001953125,4590.0,82
4590.0,4590.7998046875,4589.10009765625,4589.89990234375,22
4589.89990234375,4590.0,4588.7001953125,4589.2001953125,37
4588.7001953125,4588.7001953125,4587.60009765625,4588.39990234375,49
4587.89990234375,4588.60009765625,4587.10009765625,4587.7001953125,63
4587.5,4587.7998046875,4585.7001953125,4585.89990234375,63
4585.89990234375,4587.2001953125,4585.39990234375,4586.0,60
4586.2998046875,4589.10009765625,4586.2998046875,4587.89990234375,105
4588.0,4591.7998046875,4588.0,4591.2001953125,79
4591.2998046875,4591.2998046875,4590.2998046875,4590.2998046875,16
4590.39990234375,4591.7998046875,4590.39990234375,4591.60009765625,52
4591.5,4591.5,4589.10009765625,4589.10009765625,46
4588.7001953125,4588.7001953125,4586.89990234375,4587.0,43
4587.5,4587.5,4586.5,4587.39990234375,13
4587.7001953125,4588.0,4585.5,4587.0,40
4586.89990234375,4586.89990234375,4585.10009765625,4585.2998046875,59
4585.0,4585.39990234375,4583.2998046875,4584.5,76
4583.39990234375,4584.7001953125,4582.60009765625,4583.89990234375,100
4584.0,4585.10009765625,4583.39990234375,4584.39990234375,58
4584.60009765625,4585.10009765625,4584.5,4584.7998046875,10
4585.2998046875,4585.2998046875,4584.7001953125,4585.0,13
4585.2001953125,4585.39990234375,4584.2001953125,4584.39990234375,12
4584.39990234375,4586.7001953125,4584.2998046875,4586.2001953125,132
4586.0,4587.2001953125,4585.7001953125,4586.7001953125,80
4587.0,4589.7998046875,4586.2001953125,4589.2001953125,94
4588.7998046875,4588.7998046875,4587.2998046875,4587.39990234375,23
4587.7001953125,4588.0,4587.5,4587.5,6
4588.2001953125,4589.2001953125,4588.10009765625,4589.2001953125,22
4589.10009765625,4589.2001953125,4587.7998046875,4588.0,21
4587.5,4588.39990234375,4586.89990234375,4588.39990234375,15
4588.5,4589.2998046875,4588.5,4589.2998046875,14
4589.10009765625,4589.89990234375,4589.0,4589.60009765625,18
4589.2998046875,4589.2998046875,4589.0,4589.0,3
4588.7001953125,4589.60009765625,4588.2998046875,4589.0,16
4589.2001953125,4590.89990234375,4589.10009765625,4590.89990234375,31
4591.5,4592.7001953125,4591.2001953125,4592.60009765625,76
4592.89990234375,4593.60009765625,4592.7001953125,4593.0,37
4593.0,4594.7998046875,4593.0,4594.10009765625,75
4594.10009765625,4595.5,4593.2998046875,4593.39990234375,117
4593.7998046875,4595.0,4593.60009765625,4594.7001953125,28
4594.5,4595.0,4593.7001953125,4594.89990234375,42
4595.0,4595.5,4592.60009765625,4593.0,92
4593.10009765625,4593.60009765625,4592.5,4592.60009765625,36
4592.2998046875,4593.0,4592.10009765625,4593.0,15
4593.2001953125,4594.89990234375,4593.10009765625,4594.2001953125,47
4594.5,4596.2001953125,4594.39990234375,4595.2001953125,38
4595.2001953125,4595.2998046875,4594.0,4594.0,50
4593.7998046875,4594.10009765625,4593.39990234375,4594.10009765625,15
4594.5,4596.39990234375,4594.5,4596.0,30
4596.2001953125,4598.5,4595.7001953125,4596.60009765625,242
4596.39990234375,4597.0,4594.10009765625,4594.89990234375,79
4594.89990234375,4595.2001953125,4594.0,4594.5,39
4594.39990234375,4595.39990234375,4594.2001953125,4595.10009765625,30
4594.7998046875,4596.89990234375,4594.39990234375,4596.7998046875,50
4596.5,4597.2998046875,4596.5,4597.2998046875,32
4597.2998046875,4599.2998046875,4597.2998046875,4599.0,76
4598.7998046875,4602.39990234375,4598.39990234375,4599.39990234375,439
4599.89990234375,4600.0,4597.7998046875,4599.2998046875,138
4599.0,4600.2001953125,4598.60009765625,4600.2001953125,86
4600.0,4600.2998046875,4599.0,4599.60009765625,81
4599.5,4600.5,4598.89990234375,4600.39990234375,50
4600.39990234375,4602.0,4600.39990234375,4602.0,79
4601.7998046875,4603.39990234375,4601.7998046875,4602.7001953125,218
4602.60009765625,4603.89990234375,4601.89990234375,4603.39990234375,168
4602.89990234375,4603.7998046875,4601.2998046875,4603.2001953125,119
4603.60009765625,4604.0,4601.7001953125,4603.7998046875,260
4603.5,4604.0,4603.2001953125,4603.5,62
4603.39990234375,4604.39990234375,4600.60009765625,4600.89990234375,157
4600.2001953125,4601.2998046875,4599.7001953125,4600.39990234375,104
4600.2001953125,4601.60009765625,4600.10009765625,4600.39990234375,151
4601.0,4601.2001953125,4599.89990234375,4600.39990234375,37
4600.2998046875,4600.2998046875,4598.89990234375,4599.2998046875,31
4599.2001953125,4599.39990234375,4598.7998046875,4599.2998046875,26
4599.2001953125,4599.5,4597.10009765625,4598.2001953125,111
4598.2001953125,4599.10009765625,4598.2001953125,4598.2001953125,23
4598.2998046875,4599.60009765625,4598.10009765625,4598.89990234375,33
4598.89990234375,4598.89990234375,4597.39990234375,4597.60009765625,26
4597.5,4597.60009765625,4597.0,4597.60009765625,17
4597.60009765625,4598.7001953125,4597.60009765625,4597.7998046875,58
4598.0,4598.10009765625,4597.2998046875,4598.10009765625,25
4598.0,4598.10009765625,4596.60009765625,4596.60009765625,18
4597.10009765625,4598.0,4596.7998046875,4598.0,13
4597.5,4597.7998046875,4597.39990234375,4597.7998046875,10
4597.39990234375,4598.5,4596.89990234375,4598.2001953125,20
4598.2001953125,4598.2998046875,4596.89990234375,4597.2998046875,21
4597.60009765625,4598.0,4597.5,4597.5,9
4597.5,4598.0,4597.5,4598.0,6
4598.0,4598.2998046875,4597.2998046875,4598.2998046875,28
4598.60009765625,4598.7001953125,4597.60009765625,4598.2001953125,13
4598.10009765625,4598.10009765625,4597.2001953125,4597.60009765625,12
4597.5,4597.7998046875,4597.2998046875,4597.7001953125,9
4597.60009765625,4597.7998046875,4597.39990234375,4597.39990234375,9
4597.89990234375,4598.5,4597.0,4597.0,50
4597.0,4597.60009765625,4596.89990234375,4597.60009765625,14
4597.60009765625,4597.60009765625,4596.2998046875,4596.7998046875,12
4596.39990234375,4596.89990234375,4596.10009765625,4596.2001953125,33
4595.7001953125,4595.7001953125,4593.7998046875,4594.10009765625,136
4594.10009765625,4594.10009765625,4593.0,4593.60009765625,33
4593.5,4594.39990234375,4593.2998046875,4594.10009765625,37
4594.10009765625,4594.39990234375,4593.89990234375,4594.10009765625,23
4594.2001953125,4595.89990234375,4594.10009765625,4595.60009765625,138
4595.60009765625,4596.10009765625,4595.10009765625,4595.2998046875,36
4595.2001953125,4595.2001953125,4593.0,4593.2001953125,39
4593.10009765625,4593.2001953125,4591.2001953125,4592.60009765625,172
4592.7001953125,4593.2998046875,4592.60009765625,4592.7998046875,28
4593.2998046875,4593.2998046875,4590.89990234375,4592.10009765625,129
4592.2001953125,4593.0,4591.5,4591.5,176
4591.89990234375,4592.60009765625,4591.5,4591.5,22
4591.60009765625,4592.7001953125,4591.60009765625,4591.89990234375,19
4592.39990234375,4594.0,4592.10009765625,4593.60009765625,48
4594.10009765625,4595.0,4592.10009765625,4592.10009765625,89
4591.7998046875,4592.10009765625,4590.5,4590.7001953125,137
4590.60009765625,4590.60009765625,4587.0,4589.7998046875,335
4590.10009765625,4590.39990234375,4588.60009765625,4589.89990234375,116
4590.5,4591.10009765625,4589.5,4590.0,72
4590.2998046875,4590.5,4589.2001953125,4590.2001953125,34
4589.89990234375,4590.10009765625,4589.0,4589.39990234375,23
4590.0,4590.60009765625,4589.89990234375,4590.2998046875,32
4590.2998046875,4590.7998046875,4590.0,4590.7998046875,21
4590.7998046875,4591.0,4589.89990234375,4590.10009765625,27
4590.2998046875,4590.5,4589.7998046875,4590.2001953125,17
4590.10009765625,4590.10009765625,4587.60009765625,4587.7001953125,46
4587.2001953125,4588.39990234375,4586.7001953125,4586.7001953125,71
4587.2998046875,4588.10009765625,4587.0,4587.60009765625,53
4587.0,4587.7001953125,4586.7001953125,4586.7001953125,17
4586.5,4590.89990234375,4585.39990234375,4589.0,204
4589.0,4589.7001953125,4587.5,4588.7998046875,51
4588.89990234375,4592.0,4588.89990234375,4591.89990234375,55
4591.7001953125,4594.5,4591.7001953125,4594.39990234375,85
4594.2001953125,4594.39990234375,4592.7998046875,4594.39990234375,65
4594.5,4596.60009765625,4593.7998046875,4596.60009765625,75
4596.10009765625,4597.0,4595.60009765625,4596.5,63
4596.60009765625,4596.60009765625,4594.2998046875,4594.2998046875,54
4594.2001953125,4595.60009765625,4593.7998046875,4595.2001953125,60
4595.39990234375,4595.89990234375,4591.7998046875,4592.39990234375,74
4592.39990234375,4594.10009765625,4592.39990234375,4592.60009765625,49
4592.2998046875,4593.10009765625,4592.2001953125,4593.10009765625,35
4593.0,4596.10009765625,4592.7998046875,4595.60009765625,65
4595.39990234375,4595.60009765625,4594.2001953125,4595.10009765625,43
4595.10009765625,4599.7001953125,4595.0,4599.39990234375,190
4599.60009765625,4599.60009765625,4598.0,4598.39990234375,190
4598.5,4599.5,4597.7998046875,4599.0,168
4599.10009765625,4599.60009765625,4598.60009765625,4599.2998046875,53
4599.2001953125,4600.2998046875,4598.5,4600.2998046875,311
4600.5,4602.7998046875,4600.5,4602.39990234375,152
4602.2998046875,4602.89990234375,4599.2001953125,4601.2998046875,80
4601.7998046875,4604.60009765625,4601.7998046875,4604.39990234375,179
4604.2998046875,4605.39990234375,4603.7998046875,4605.10009765625,146
4605.10009765625,4605.39990234375,4604.39990234375,4604.60009765625,75
4604.60009765625,4604.7998046875,4603.0,4604.0,157
4604.2001953125,4608.7998046875,4604.0,4607.89990234375,426
4608.2001953125,4609.7001953125,4607.7998046875,4608.7001953125,144
4608.5,4609.60009765625,4608.2998046875,4609.2998046875,107
4609.5,4611.89990234375,4609.5,4611.2001953125,225
4611.2001953125,4612.39990234375,4609.7001953125,4609.7001953125,166
4609.7998046875,4610.7998046875,4608.60009765625,4609.7001953125,199
4609.7998046875,4611.5,4607.89990234375,4608.89990234375,116
4608.89990234375,4609.0,4604.39990234375,4604.39990234375,212
4604.2001953125,4606.2001953125,4603.89990234375,4605.0,169
4604.89990234375,4606.0,4604.60009765625,4605.7998046875,72
4605.60009765625,4607.60009765625,4605.0,4606.39990234375,90
4606.7998046875,4608.0,4605.7998046875,4606.39990234375,77
4606.60009765625,4606.89990234375,4603.7998046875,4603.89990234375,51
4603.7998046875,4605.0,4603.2001953125,4603.5,66
4603.7001953125,4605.39990234375,4603.7001953125,4604.60009765625,28
4604.60009765625,4605.2998046875,4603.7998046875,4604.2001953125,44
4603.7001953125,4603.7998046875,4601.7998046875,4602.2001953125,105
4602.2001953125,4604.2001953125,4602.0,4603.7001953125,79
4603.60009765625,4604.7001953125,4602.7998046875,4604.39990234375,50
4604.5,4606.39990234375,4604.5,4605.2001953125,63
4606.39990234375,4610.0,4605.39990234375,4608.2001953125,270
4607.7998046875,4611.60009765625,4607.7998046875,4611.60009765625,105
4611.7001953125,4613.10009765625,4611.2001953125,4611.39990234375,143
4611.39990234375,4611.7998046875,4610.2998046875,4610.7998046875,118
4610.5,4612.2998046875,4609.7998046875,4612.0,107
4612.10009765625,4613.0,4610.7001953125,4610.7998046875,112
4610.7998046875,4611.60009765625,4609.10009765625,4610.39990234375,96
4610.10009765625,4610.10009765625,4608.39990234375,4609.0,109
4609.10009765625,4609.10009765625,4606.7001953125,4607.0,114
4607.0,4607.7998046875,4606.39990234375,4606.89990234375,70
4607.0,4609.2001953125,4606.39990234375,4608.89990234375,52
4608.89990234375,4611.2998046875,4608.5,4611.2998046875,246
4611.7001953125,4614.0,4611.2001953125,4613.39990234375,359
4614.2998046875,4615.10009765625,4613.10009765625,4613.7998046875,646
4613.60009765625,4614.10009765625,4612.0,4612.2001953125,149
4611.7998046875,4613.5,4611.2998046875,4612.89990234375,186
4612.7001953125,4614.5,4612.7001953125,4613.89990234375,94
4613.60009765625,4616.39990234375,4613.39990234375,4616.2998046875,224
4616.10009765625,4619.0,4616.10009765625,4618.5,174
4618.5,4620.39990234375,4618.0,4618.2001953125,504
4618.2001953125,4622.2001953125,4618.2001953125,4621.89990234375,456
4621.7998046875,4622.10009765625,4621.0,4621.5,115
4621.2998046875,4622.7998046875,4621.10009765625,4622.2998046875,204
4622.39990234375,4622.7998046875,4621.39990234375,4621.39990234375,96
4621.7998046875,4622.7998046875,4621.5,4621.7998046875,108
4621.60009765625,4621.7998046875,4617.39990234375,4617.60009765625,160
4618.0,4618.7001953125,4617.60009765625,4618.2998046875,94
4618.2998046875,4621.89990234375,4618.0,4621.39990234375,437
4621.0,4621.5,4620.60009765625,4621.2001953125,73
4620.7001953125,4621.7998046875,4619.5,4619.5,242
4620.5,4622.2998046875,4619.7001953125,4620.10009765625,334
4620.10009765625,4620.7998046875,4620.0,4620.60009765625,134
4620.5,4621.2998046875,4620.39990234375,4620.5,51
4620.5,4623.2001953125,4620.2001953125,4623.2001953125,144
4623.10009765625,4624.7001953125,4623.0,4624.5,143
4624.2998046875,4624.5,4623.2001953125,4623.60009765625,85
4624.0,4624.0,4622.5,4622.89990234375,120
4623.0,4624.10009765625,4622.7001953125,4623.39990234375,55
4623.0,4623.0,4621.60009765625,4621.7998046875,145
4621.89990234375,4622.7001953125,4621.2998046875,4621.5,95
4621.5,4622.10009765625,4621.2001953125,4621.60009765625,44
4622.0,4624.7001953125,4621.2998046875,4621.5,144
4622.0,4622.5,4620.2001953125,4620.39990234375,73
4620.0,4620.60009765625,4618.7998046875,4619.0,88
4618.7998046875,4619.7001953125,4617.7998046875,4617.89990234375,195
4618.0,4619.2998046875,4616.39990234375,4619.2998046875,247
4618.7998046875,4620.7998046875,4618.7998046875,4619.2001953125,94
4618.89990234375,4619.5,4618.0,4618.2998046875,34
4618.7001953125,4620.60009765625,4618.60009765625,4620.60009765625,84
4620.7001953125,4623.0,4618.7998046875,4623.0,212
4622.7998046875,4622.7998046875,4620.2001953125,4620.7001953125,142
4620.89990234375,4621.0,4620.2998046875,4620.7001953125,45
4620.7998046875,4621.0,4620.2998046875,4620.7998046875,36
4620.60009765625,4621.10009765625,4618.2998046875,4619.2001953125,410
4618.89990234375,4619.2001953125,4615.7998046875,4615.7998046875,186
4615.7001953125,4617.60009765625,4615.39990234375,4617.10009765625,194
4616.7998046875,4617.2998046875,4615.7998046875,4616.60009765625,99
4616.5,4617.7998046875,4616.0,4616.0,86
4615.89990234375,4617.2998046875,4615.89990234375,4616.2998046875,60
4616.2998046875,4618.7001953125,4616.2001953125,4618.39990234375,91
4618.60009765625,4619.2001953125,4616.7001953125,4619.10009765625,150
4618.60009765625,4619.5,4618.10009765625,4618.7998046875,86
4619.10009765625,4621.89990234375,4619.0,4621.60009765625,127
4621.60009765625,4623.7998046875,4621.60009765625,4623.5,164
4623.10009765625,4623.5,4622.5,4623.2001953125,69
4623.2001953125,4623.2998046875,4622.10009765625,4622.10009765625,39
4622.2998046875,4623.0,4621.60009765625,4622.39990234375,121
4622.5,4624.7998046875,4622.2998046875,4622.5,95
4621.7001953125,4622.2001953125,4620.10009765625,4622.2001953125,129
4622.10009765625,4622.2998046875,4619.89990234375,4620.7001953125,63
4620.7001953125,4621.5,4619.5,4620.39990234375,165
4620.10009765625,4620.60009765625,4618.0,4618.2001953125,179
4618.2998046875,4618.60009765625,4617.60009765625,4618.2001953125,35
4618.39990234375,4620.0,4618.39990234375,4619.7001953125,38
4619.5,4619.89990234375,4618.5,4618.60009765625,44
4618.5,4620.2001953125,4617.2998046875,4620.10009765625,206
4620.2001953125,4621.7998046875,4619.0,4619.0,145
4619.2998046875,4619.89990234375,4618.2001953125,4619.0,105
4619.60009765625,4620.10009765625,4618.2998046875,4619.7001953125,49
4619.2001953125,4619.60009765625,4618.39990234375,4619.2998046875,33
4618.2998046875,4619.7001953125,4618.2998046875,4618.60009765625,34
4618.7998046875,4620.2001953125,4618.7001953125,4619.0,86
4619.39990234375,4619.89990234375,4617.0,4617.60009765625,84
4617.7998046875,4621.7001953125,4617.7998046875,4621.60009765625,80
4621.5,4622.0,4619.7001953125,4621.2001953125,89
4621.7001953125,4621.89990234375,4619.60009765625,4620.39990234375,28
4620.2001953125,4621.5,4620.2001953125,4621.2998046875,63
4621.10009765625,4623.5,4621.10009765625,4623.0,73
4622.89990234375,4623.0,4620.89990234375,4622.7001953125,73
4622.7001953125,4623.10009765625,4620.7998046875,4621.10009765625,36
4621.2998046875,4622.5,4620.5,4621.7998046875,70
4621.10009765625,4621.5,4619.5,4620.60009765625,91
4620.7001953125,4625.0,4620.39990234375,4624.2001953125,134
4624.10009765625,4625.0,4621.0,4621.2998046875,177
4621.2998046875,4623.10009765625,4621.2998046875,4623.10009765625,63
4623.5,4624.0,4622.39990234375,4622.5,37
4622.2998046875,4622.5,4621.5,4621.5,26
4621.0,4621.2998046875,4619.89990234375,4620.60009765625,58
4619.89990234375,4620.89990234375,4619.2998046875,4619.2998046875,82
4619.39990234375,4619.7001953125,4617.89990234375,4618.7998046875,55
4618.7001953125,4618.89990234375,4618.10009765625,4618.10009765625,31
4619.7998046875,4620.60009765625,4618.5,4619.7998046875,70
4620.10009765625,4622.2001953125,4620.10009765625,4621.5,114
4621.2001953125,4621.2001953125,4620.0,4620.2998046875,20
4620.2001953125,4622.0,4619.5,4621.10009765625,153
4621.39990234375,4622.2998046875,4619.0,4622.0,319
4621.5,4623.5,4621.10009765625,4621.7001953125,116
4621.7998046875,4621.7998046875,4620.2998046875,4621.2998046875,24
4621.39990234375,4621.7998046875,4619.2998046875,4619.5,184
4619.39990234375,4619.5,4618.0,4618.2001953125,138
4618.0,4619.10009765625,4617.89990234375,4618.10009765625,35
4617.7001953125,4617.89990234375,4616.2001953125,4616.39990234375,88
4616.7001953125,4617.0,4615.7998046875,4616.89990234375,92
4617.10009765625,4618.60009765625,4616.5,4618.5,47
4617.7998046875,4619.39990234375,4617.60009765625,4618.5,121
4618.7001953125,4620.0,4618.2998046875,4619.60009765625,51
4619.39990234375,4621.0,4619.10009765625,4620.89990234375,66
4620.89990234375,4622.60009765625,4620.89990234375,4622.2998046875,107
4622.60009765625,4624.7998046875,4621.60009765625,4624.39990234375,357
4624.7001953125,4625.0,4622.2998046875,4622.2998046875,347
4622.7998046875,4623.0,4620.7998046875,4621.7001953125,121
4621.60009765625,4623.7001953125,4621.2001953125,4623.39990234375,153
4623.2998046875,4627.2998046875,4623.2001953125,4627.2001953125,631
4627.0,4627.2001953125,4625.89990234375,4626.5,207
4626.2001953125,4630.60009765625,4625.7001953125,4629.60009765625,580
4629.60009765625,4631.10009765625,4628.7998046875,4630.89990234375,241
4630.89990234375,4633.60009765625,4630.2001953125,4633.10009765625,397
4633.10009765625,4633.60009765625,4631.2001953125,4632.7001953125,218
4632.7001953125,4634.89990234375,4632.2001953125,4634.39990234375,245
4634.5,4636.2998046875,4634.2998046875,4634.5,344
4634.60009765625,4637.7998046875,4634.39990234375,4637.5,309
4637.39990234375,4637.5,4636.2001953125,4636.89990234375,176
4636.5,4638.2998046875,4636.5,4637.7001953125,283
4637.7001953125,4638.89990234375,4636.39990234375,4636.60009765625,184
4636.7001953125,4637.5,4636.0,4636.39990234375,108
4637.0,4637.10009765625,4635.7998046875,4635.89990234375,230
4636.10009765625,4636.2001953125,4634.7001953125,4635.60009765625,151
4635.7001953125,4638.10009765625,4635.60009765625,4638.0,191
4638.0,4638.60009765625,4637.0,4637.60009765625,209
4637.89990234375,4638.39990234375,4637.2001953125,4637.7998046875,59
4638.0,4639.0,4637.7001953125,4638.7001953125,140
4638.89990234375,4639.7001953125,4637.39990234375,4638.10009765625,220
4638.39990234375,4639.5,4638.0,4639.5,66
4639.39990234375,4639.7001953125,4635.2998046875,4635.39990234375,208
4635.2001953125,4636.7001953125,4633.5,4636.5,438
4636.5,4638.2998046875,4636.0,4637.10009765625,250
4637.2001953125,4639.60009765625,4636.7001953125,4639.2998046875,101
4639.7001953125,4641.2001953125,4638.7001953125,4639.2998046875,369
4639.0,4639.60009765625,4637.7001953125,4639.5,76
4639.2001953125,4641.10009765625,4639.2001953125,4639.5,113
4639.5,4639.7998046875,4637.7998046875,4638.7001953125,48
4638.2998046875,4639.60009765625,4638.0,4639.5,29
4639.39990234375,4640.2998046875,4639.0,4640.2998046875,100
4640.0,4640.39990234375,4638.0,4638.0,72
4637.60009765625,4638.7001953125,4637.39990234375,4638.0,42
4638.0,4638.60009765625,4637.60009765625,4638.10009765625,62
4637.7998046875,4640.0,4637.0,4638.89990234375,162
4638.89990234375,4638.89990234375,4637.5,4638.2001953125,44
4638.2001953125,4639.2998046875,4638.0,4638.2998046875,60
4638.2998046875,4638.89990234375,4637.5,4638.60009765625,64
4638.2998046875,4638.39990234375,4637.10009765625,4637.7001953125,59
4637.7998046875,4638.0,4637.2998046875,4637.89990234375,78
4637.7998046875,4639.89990234375,4637.5,4639.7998046875,147
4639.7001953125,4640.2001953125,4639.10009765625,4639.39990234375,130
4639.60009765625,4642.0,4639.60009765625,4641.0,133
4641.10009765625,4641.60009765625,4640.0,4641.2001953125,116
4640.89990234375,4642.39990234375,4640.7001953125,4642.0,113
4642.0,4642.0,4639.5,4640.60009765625,121
4641.0,4641.0,4638.89990234375,4640.0,96
4640.2998046875,4642.89990234375,4640.0,4642.89990234375,113
4642.89990234375,4642.89990234375,4641.5,4642.39990234375,66
4642.39990234375,4645.2998046875,4642.2001953125,4644.7001953125,293
4644.7001953125,4647.60009765625,4644.10009765625,4646.7998046875,409
4646.60009765625,4651.0,4646.2998046875,4650.2998046875,1464
4651.10009765625,4653.60009765625,4650.0,4653.2998046875,577
4652.89990234375,4654.89990234375,4652.5,4653.10009765625,386
4653.10009765625,4654.5,4652.89990234375,4654.39990234375,212
4654.2998046875,4655.39990234375,4653.2998046875,4653.7998046875,242
4653.89990234375,4659.0,4653.89990234375,4657.10009765625,1144
4656.7998046875,4657.2001953125,4655.60009765625,4656.7998046875,193
4656.60009765625,4657.2998046875,4655.10009765625,4656.7998046875,225
4656.7998046875,4658.39990234375,4656.60009765625,4658.10009765625,159
4658.0,4658.5,4656.7998046875,4658.2998046875,141
4658.39990234375,4659.39990234375,4653.5,4654.0,516
4653.5,4654.39990234375,4650.39990234375,4650.7001953125,407
4650.39990234375,4650.60009765625,4647.2001953125,4648.7998046875,545
4648.7998046875,4649.0,4645.0,4645.7001953125,405
4645.39990234375,4647.60009765625,4645.2001953125,4646.0,193
4646.0,4646.39990234375,4642.7998046875,4643.89990234375,225
4643.7001953125,4644.2001953125,4641.89990234375,4644.2001953125,195
4643.7998046875,4644.7998046875,4642.7001953125,4644.39990234375,215
4644.0,4644.89990234375,4643.0,4643.5,229
4643.60009765625,4643.7001953125,4641.2998046875,4641.2998046875,137
4641.10009765625,4641.2001953125,4638.2998046875,4639.10009765625,334
4639.2001953125,4640.10009765625,4638.2998046875,4639.60009765625,107
4639.2998046875,4641.5,4639.2998046875,4640.89990234375,258
4641.0,4641.89990234375,4639.10009765625,4641.7998046875,234
4641.39990234375,4641.89990234375,4640.2998046875,4641.0,186
4640.7998046875,4641.10009765625,4639.7998046875,4640.2001953125,176
4639.89990234375,4641.39990234375,4639.7998046875,4640.10009765625,106
4640.10009765625,4640.5,4638.10009765625,4639.89990234375,247
4639.60009765625,4641.60009765625,4639.10009765625,4641.39990234375,94
4641.39990234375,4642.39990234375,4640.7998046875,4642.39990234375,120
4642.5,4643.2998046875,4641.2001953125,4642.5,108
4642.5,4643.0,4641.0,4642.89990234375,158
4643.10009765625,4643.7001953125,4642.0,4642.5,166
4642.39990234375,4644.2001953125,4642.39990234375,4643.89990234375,111
4643.89990234375,4644.2998046875,4641.0,4641.5,125
4642.10009765625,4642.2998046875,4641.0,4641.0,84
4641.2998046875,4641.60009765625,4639.0,4640.39990234375,156
4640.2998046875,4640.89990234375,4639.39990234375,4640.0,111
4640.39990234375,4641.0,4638.7998046875,4638.7998046875,203
4638.89990234375,4640.7998046875,4638.2998046875,4640.5,93
4639.7998046875,4641.0,4638.2998046875,4638.2998046875,286
4638.7001953125,4639.2998046875,4638.2001953125,4638.60009765625,118
4638.7001953125,4639.0,4638.10009765625,4638.5,77
4638.60009765625,4638.89990234375,4637.60009765625,4638.10009765625,99
4638.2001953125,4639.2998046875,4638.10009765625,4639.2998046875,51
4639.2001953125,4640.60009765625,4638.39990234375,4640.2001953125,342
4639.7998046875,4641.2998046875,4639.7998046875,4641.2998046875,89
4641.39990234375,4642.7998046875,4641.2998046875,4642.2998046875,164
4641.89990234375,4642.5,4641.7001953125,4642.39990234375,32
4642.10009765625,4642.2001953125,4641.2998046875,4641.5,39
4641.2001953125,4641.7001953125,4638.2998046875,4638.2998046875,112
4638.10009765625,4639.89990234375,4638.10009765625,4639.7001953125,113
4639.39990234375,4640.5,4639.0,4639.7001953125,84
4639.7001953125,4643.60009765625,4639.60009765625,4643.2998046875,288
4643.7001953125,4646.0,4643.2998046875,4644.39990234375,241
4644.0,4644.89990234375,4642.89990234375,4644.39990234375,93
4644.2001953125,4644.39990234375,4642.10009765625,4642.10009765625,103
4642.10009765625,4642.2001953125,4640.2998046875,4640.2998046875,264
4640.89990234375,4642.10009765625,4640.7001953125,4642.10009765625,88
4642.0,4642.39990234375,4640.39990234375,4641.10009765625,89
4641.10009765625,4641.39990234375,4639.5,4640.60009765625,507
4640.39990234375,4640.5,4638.39990234375,4640.10009765625,127
4640.39990234375,4641.10009765625,4639.10009765625,4640.0,229
4640.0,4640.2998046875,4636.89990234375,4637.5,186
4637.7001953125,4637.89990234375,4636.7998046875,4636.7998046875,96
4637.2001953125,4637.2001953125,4634.5,4636.0,369
4636.2001953125,4637.39990234375,4635.7001953125,4635.7001953125,84
4636.0,4637.5,4635.2998046875,4637.39990234375,117
4637.60009765625,4639.2001953125,4637.2001953125,4638.2998046875,113
4638.7001953125,4641.2998046875,4638.5,4641.0,132
4640.60009765625,4644.2998046875,4640.60009765625,4643.60009765625,171
4643.60009765625,4643.7998046875,4640.2998046875,4641.2998046875,129
4641.39990234375,4643.2998046875,4641.10009765625,4642.7001953125,101
4643.2998046875,4643.2998046875,4640.2998046875,4640.7001953125,117
4640.7998046875,4642.0,4640.2001953125,4642.0,149
4641.7001953125,4642.60009765625,4641.60009765625,4642.2998046875,34
4642.2998046875,4643.7998046875,4642.10009765625,4642.89990234375,99
4643.10009765625,4643.5,4642.7001953125,4643.5,59
4643.5,4645.5,4642.89990234375,4645.5,249
4645.39990234375,4646.39990234375,4643.60009765625,4643.7998046875,98
4644.0,4645.60009765625,4643.2001953125,4644.89990234375,100
4645.2998046875,4645.7998046875,4644.7001953125,4645.60009765625,79
4645.7998046875,4646.0,4644.60009765625,4644.7998046875,60
4644.7001953125,4644.89990234375,4642.7001953125,4643.39990234375,103
4643.60009765625,4644.89990234375,4643.60009765625,4644.60009765625,47
4644.89990234375,4646.0,4644.89990234375,4646.0,31
4646.0,4648.0,4645.7998046875,4648.0,116
4647.60009765625,4648.7998046875,4647.0,4647.0,128
4647.0,4648.0,4646.7001953125,4647.7001953125,70
4648.2998046875,4649.7998046875,4647.7998046875,4649.2998046875,75
4649.2998046875,4650.7998046875,4649.0,4649.7001953125,80
4649.60009765625,4650.7998046875,4649.60009765625,4650.7998046875,57
4651.0,4651.60009765625,4648.7001953125,4650.2001953125,222
4650.5,4650.5,4648.2998046875,4649.89990234375,110
4649.7001953125,4649.7998046875,4648.2001953125,4649.5,47
4649.7001953125,4651.10009765625,4649.2998046875,4650.60009765625,83
4650.10009765625,4650.39990234375,4649.10009765625,4650.39990234375,59
4650.39990234375,4650.7001953125,4649.5,4650.10009765625,60
4650.0,4650.0,4648.2001953125,4648.2998046875,76
4648.5,4649.0,4648.2001953125,4648.60009765625,53
4648.7001953125,4649.10009765625,4647.2001953125,4647.60009765625,96
4647.5,4648.2001953125,4647.0,4647.7001953125,127
4647.7001953125,4648.2001953125,4647.0,4647.2001953125,61
4647.10009765625,4648.10009765625,4646.5,4647.89990234375,63
4647.7998046875,4648.2001953125,4645.5,4647.2998046875,187
4647.2998046875,4649.10009765625,4646.60009765625,4648.60009765625,166
4648.7001953125,4650.0,4647.2998046875,4647.2998046875,177
4647.60009765625,4648.0,4647.0,4647.5,89
4647.2998046875,4647.2998046875,4645.2998046875,4646.10009765625,97
4646.10009765625,4646.60009765625,4645.10009765625,4645.5,50
4645.2001953125,4646.0,4645.0,4645.0,40
4645.2998046875,4646.2001953125,4645.2001953125,4645.7998046875,56
4645.5,4646.10009765625,4644.7001953125,4644.89990234375,108
4645.39990234375,4646.2998046875,4644.2998046875,4646.2001953125,73
4646.2998046875,4648.89990234375,4646.2001953125,4648.2998046875,120
4648.2001953125,4652.39990234375,4648.2001953125,4651.60009765625,166
4651.2998046875,4651.7998046875,4650.7998046875,4651.2001953125,76
4651.10009765625,4652.2001953125,4650.7998046875,4652.0,75
4652.2001953125,4652.7998046875,4649.39990234375,4650.7001953125,164
4650.39990234375,4650.89990234375,4649.5,4650.7998046875,85
4650.60009765625,4651.7001953125,4649.2001953125,4650.0,86
4650.10009765625,4650.60009765625,4647.89990234375,4649.60009765625,82
4649.7001953125,4650.39990234375,4649.0,4650.39990234375,54
4650.2998046875,4650.2998046875,4648.7998046875,4648.7998046875,61
4648.89990234375,4648.89990234375,4645.5,4646.7001953125,164
4646.89990234375,4647.5,4645.7998046875,4646.2001953125,42
4646.0,4647.7001953125,4646.0,4647.5,54
4648.2001953125,4650.10009765625,4648.2001953125,4649.2998046875,109
4649.2998046875,4650.0,4648.7001953125,4649.7001953125,90
4649.5,4651.2998046875,4649.39990234375,4651.10009765625,93
4651.10009765625,4655.10009765625,4650.7998046875,4654.39990234375,261
4654.2998046875,4654.5,4653.0,4653.2998046875,139
4653.7998046875,4655.2998046875,4653.7001953125,4653.7001953125,123
4653.7001953125,4657.0,4653.5,4656.10009765625,241
4655.7998046875,4659.2998046875,4654.60009765625,4655.2998046875,514
4655.5,4655.5,4653.10009765625,4655.10009765625,109
4654.5,4657.7001953125,4654.39990234375,4655.39990234375,280
4654.89990234375,4657.10009765625,4653.60009765625,4656.60009765625,155
4656.7998046875,4656.89990234375,4654.2998046875,4654.60009765625,119
4654.5,4654.5,4652.89990234375,4653.5,82
4653.2998046875,4654.7001953125,4653.2998046875,4654.7001953125,78
4654.39990234375,4656.2998046875,4654.39990234375,4655.7001953125,76
4655.89990234375,4656.10009765625,4654.2998046875,4654.2998046875,108
4654.39990234375,4655.0,4653.60009765625,4654.2998046875,76
4654.0,4654.5,4650.2998046875,4650.7001953125,136
4650.7998046875,4652.60009765625,4650.7001953125,4652.60009765625,148
4652.7001953125,4652.7998046875,4651.2001953125,4652.0,101
4652.2001953125,4655.7998046875,4652.2001953125,4655.2001953125,90
4655.2001953125,4660.2998046875,4655.0,4659.0,274
4659.10009765625,4661.7001953125,4658.89990234375,4660.0,424
4660.0,4660.89990234375,4656.7998046875,4656.7998046875,150
4656.39990234375,4657.2998046875,4654.0,4654.60009765625,157
4654.2001953125,4654.39990234375,4652.2998046875,4652.39990234375,222
4652.5,4652.89990234375,4650.60009765625,4652.39990234375,226
4652.0,4652.60009765625,4651.0,4651.39990234375,57
4651.0,4652.0,4650.7998046875,4651.2998046875,66
4651.7998046875,4655.0,4651.7001953125,4654.2998046875,133
4654.2998046875,4655.2998046875,4653.7998046875,4654.7001953125,110
4654.89990234375,4655.39990234375,4654.39990234375,4654.60009765625,64
4654.7998046875,4656.39990234375,4654.2998046875,4655.89990234375,89
4656.0,4657.7001953125,4654.89990234375,4655.89990234375,94
4656.10009765625,4657.2998046875,4655.39990234375,4657.10009765625,113
4656.7998046875,4657.5,4655.2998046875,4655.7001953125,144
4655.60009765625,4655.7998046875,4654.0,4655.10009765625,134
4655.2001953125,4657.0,4654.2001953125,4654.2998046875,170
4654.39990234375,4655.2998046875,4653.0,4653.5,327
4653.39990234375,4655.39990234375,4653.2998046875,4655.2001953125,73
4655.2001953125,4656.10009765625,4654.7001953125,4654.7001953125,67
4654.89990234375,4656.10009765625,4654.5,4654.7998046875,86
4654.7001953125,4656.10009765625,4654.7001953125,4655.60009765625,91
4655.2998046875,4655.7001953125,4654.2998046875,4654.2998046875,61
4654.39990234375,4654.89990234375,4653.5,4654.10009765625,77
4654.39990234375,4657.2001953125,4653.5,4653.89990234375,236
4654.0,4658.7998046875,4653.2001953125,4658.2001953125,539
4658.10009765625,4659.10009765625,4654.60009765625,4655.2001953125,296
4654.7998046875,4654.7998046875,4651.2998046875,4652.0,271
4652.2001953125,4653.2001953125,4651.0,4652.89990234375,303
4653.2001953125,4657.5,4653.2001953125,4654.7998046875,382
4654.60009765625,4654.60009765625,4651.89990234375,4653.2998046875,160
4653.2998046875,4654.10009765625,4652.2998046875,4653.60009765625,84
4653.5,4655.60009765625,4651.7001953125,4652.7998046875,141
4652.2001953125,4652.60009765625,4649.0,4650.7998046875,273
4651.0,4651.2001953125,4646.7001953125,4648.39990234375,435
4648.39990234375,4649.60009765625,4647.2001953125,4648.0,122
4648.2998046875,4648.60009765625,4646.7001953125,4646.7001953125,108
4646.7998046875,4647.7998046875,4646.5,4647.5,171
4648.60009765625,4650.7998046875,4647.89990234375,4650.0,247
4650.10009765625,4653.2001953125,4649.60009765625,4651.60009765625,336
4651.7998046875,4651.89990234375,4647.7001953125,4647.7001953125,548
4648.0,4648.0,4646.39990234375,4646.39990234375,154
4646.2001953125,4647.39990234375,4643.39990234375,4643.60009765625,426
4643.60009765625,4645.2001953125,4643.2001953125,4645.2001953125,273
4645.10009765625,4646.39990234375,4641.2001953125,4641.60009765625,477
4641.7998046875,4642.5,4638.0,4642.10009765625,821
4642.10009765625,4642.60009765625,4640.2998046875,4640.7998046875,309
4641.10009765625,4641.2001953125,4639.89990234375,4640.60009765625,136
4641.0,4645.39990234375,4639.2001953125,4642.7998046875,436
4642.7998046875,4643.5,4640.7998046875,4643.2998046875,148
4643.60009765625,4643.7001953125,4641.89990234375,4643.10009765625,86
4643.2998046875,4643.7998046875,4642.60009765625,4642.7998046875,43
4642.7001953125,4643.89990234375,4642.0,4643.89990234375,48
4644.0,4644.0,4641.89990234375,4642.2001953125,74
4642.0,4642.0,4636.60009765625,4637.0,380
4637.39990234375,4640.5,4636.7998046875,4640.5,235
4640.39990234375,4640.89990234375,4633.39990234375,4635.89990234375,1594
4635.89990234375,4636.89990234375,4634.5,4635.39990234375,136
4635.2001953125,4636.5,4634.2998046875,4634.89990234375,157
4635.0,4635.39990234375,4627.7001953125,4628.5,852
4628.60009765625,4628.60009765625,4626.7998046875,4628.60009765625,250
4628.5,4629.10009765625,4626.5,4626.7001953125,264
4626.60009765625,4627.2998046875,4624.10009765625,4625.0,244
4625.0,4625.89990234375,4621.2001953125,4621.7998046875,717
4621.60009765625,4625.0,4620.5,4623.2998046875,475
4622.7998046875,4628.2001953125,4622.7001953125,4628.2001953125,611
4628.2998046875,4629.5,4627.2001953125,4629.39990234375,250
4628.7998046875,4632.7998046875,4628.10009765625,4632.2998046875,346
4632.39990234375,4632.7001953125,4629.10009765625,4630.5,351
4630.2998046875,4633.5,4630.2001953125,4633.5,179
4633.60009765625,4634.2998046875,4632.60009765625,4633.5,175
4633.0,4635.2998046875,4633.0,4634.39990234375,366
4634.7998046875,4636.2001953125,4634.2001953125,4635.7001953125,183
4635.89990234375,4636.60009765625,4634.7001953125,4636.39990234375,122
4636.39990234375,4637.2998046875,4635.7001953125,4636.39990234375,160
4636.2001953125,4637.60009765625,4634.10009765625,4636.5,558
4636.5,4636.7001953125,4633.7998046875,4635.7998046875,301
4635.7998046875,4636.10009765625,4634.89990234375,4635.2998046875,201
4635.39990234375,4637.89990234375,4635.39990234375,4636.60009765625,123
4636.89990234375,4637.89990234375,4635.2001953125,4635.39990234375,137
4635.7001953125,4636.60009765625,4634.7998046875,4635.10009765625,187
4634.89990234375,4635.10009765625,4631.39990234375,4633.0,311
4632.89990234375,4635.2998046875,4632.89990234375,4633.89990234375,86
4632.60009765625,4635.0,4631.7001953125,4634.7001953125,159
4634.7998046875,4640.0,4632.5,4639.10009765625,453
4638.89990234375,4640.39990234375,4636.5,4639.10009765625,286
4639.2998046875,4640.7998046875,4638.7001953125,4640.7001953125,250
4641.0,4641.5,4637.60009765625,4639.0,241
4638.89990234375,4639.7001953125,4636.60009765625,4637.60009765625,155
4637.7001953125,4638.2001953125,4637.0,4637.7998046875,59
4637.7001953125,4640.7998046875,4637.5,4639.2001953125,160
4639.5,4639.89990234375,4636.10009765625,4638.0,152
4638.2001953125,4639.89990234375,4638.0,4639.39990234375,146
4639.39990234375,4640.2001953125,4636.10009765625,4637.7001953125,137
4637.7998046875,4638.7998046875,4637.0,4637.7001953125,96
4638.0,4643.89990234375,4638.0,4641.39990234375,538
4641.2998046875,4642.5,4640.7001953125,4641.7998046875,119
4642.10009765625,4643.60009765625,4640.7001953125,4640.7001953125,146
4640.7998046875,4642.0,4639.7998046875,4642.0,140
4642.5,4644.7001953125,4642.2998046875,4644.0,204
4643.7001953125,4643.7998046875,4640.7998046875,4641.10009765625,163
4641.0,4642.0,4637.7998046875,4638.7001953125,105
4638.60009765625,4639.2001953125,4637.39990234375,4637.7998046875,92
4637.5,4638.2001953125,4636.5,4637.60009765625,88
4637.39990234375,4640.2998046875,4635.89990234375,4640.2998046875,125
4640.5,4642.7998046875,4639.89990234375,4642.39990234375,206
4642.39990234375,4643.7001953125,4640.39990234375,4640.89990234375,75
4640.7998046875,4641.39990234375,4639.89990234375,4640.0,62
4640.60009765625,4640.7998046875,4639.7998046875,4640.0,66
4639.89990234375,4641.0,4639.7998046875,4640.2001953125,74
4640.10009765625,4640.7001953125,4639.0,4639.10009765625,124
4638.7998046875,4639.60009765625,4638.39990234375,4638.7001953125,68
4639.10009765625,4641.2998046875,4638.7998046875,4641.2998046875,82
4640.60009765625,4642.2998046875,4640.5,4640.89990234375,171
4641.5,4642.60009765625,4638.39990234375,4639.2998046875,306
4639.39990234375,4643.7998046875,4638.5,4639.2998046875,191
4639.5,4642.10009765625,4639.0,4641.7001953125,223
4641.89990234375,4641.89990234375,4633.2998046875,4634.10009765625,412
4634.0,4634.2001953125,4630.60009765625,4631.0,415
4630.7998046875,4637.89990234375,4630.0,4637.89990234375,468
4638.60009765625,4640.7001953125,4635.0,4639.7001953125,371
4639.5,4645.2001953125,4636.7998046875,4644.60009765625,655
4644.39990234375,4647.89990234375,4644.10009765625,4645.7001953125,409
4645.89990234375,4646.5,4641.39990234375,4644.60009765625,420
4644.0,4646.89990234375,4643.60009765625,4646.2998046875,166
4646.7998046875,4647.7001953125,4644.2001953125,4646.2998046875,333
4646.5,4646.7998046875,4643.39990234375,4645.39990234375,208
4645.10009765625,4645.2998046875,4643.2001953125,4643.7998046875,212
4644.0,4645.5,4641.10009765625,4644.89990234375,265
4644.60009765625,4645.39990234375,4639.7001953125,4644.10009765625,465
4644.2998046875,4646.39990234375,4643.7001953125,4646.10009765625,96
4646.10009765625,4647.7001953125,4645.7001953125,4647.2001953125,248
4647.2001953125,4650.2001953125,4645.2001953125,4645.7998046875,973
4645.5,4647.39990234375,4645.0,4647.10009765625,118
4646.5,4648.0,4646.2001953125,4646.89990234375,105
4647.0,4647.0,4641.7001953125,4642.89990234375,204
4642.7001953125,4643.2001953125,4637.89990234375,4639.89990234375,734
4639.60009765625,4641.10009765625,4637.0,4637.0,358
4636.7998046875,4638.10009765625,4633.7998046875,4638.10009765625,434
4638.2998046875,4642.7001953125,4638.2998046875,4641.0,314
4641.60009765625,4642.89990234375,4640.7998046875,4641.10009765625,236
4641.2001953125,4641.89990234375,4638.60009765625,4639.0,357
4639.39990234375,4640.89990234375,4637.2001953125,4639.2998046875,208
4639.5,4640.5,4638.2001953125,4638.2998046875,373
4638.0,4640.7001953125,4637.0,4637.7998046875,336
4638.2001953125,4640.89990234375,4637.7998046875,4639.39990234375,193
4639.2001953125,4644.0,4638.0,4644.0,972
4644.10009765625,4646.2001953125,4642.0,4642.2001953125,276
4642.60009765625,4645.2998046875,4642.39990234375,4645.2998046875,100
4646.2001953125,4647.7998046875,4645.7998046875,4647.2998046875,435
4647.2001953125,4647.2001953125,4644.7001953125,4646.0,199
4645.89990234375,4645.89990234375,4640.10009765625,4640.2998046875,180
4640.39990234375,4644.0,4640.39990234375,4643.5,297
4643.7001953125,4645.0,4643.2998046875,4644.2998046875,70
4644.39990234375,4644.7001953125,4641.60009765625,4643.2998046875,131
4643.39990234375,4644.89990234375,4643.39990234375,4644.7001953125,57
4644.7001953125,4646.60009765625,4644.2998046875,4645.0,150
4645.5,4646.10009765625,4644.89990234375,4646.10009765625,77
4645.60009765625,4646.5,4645.39990234375,4646.2998046875,71
4646.39990234375,4647.2998046875,4642.89990234375,4645.60009765625,313
4645.5,4645.5,4643.89990234375,4644.7998046875,71
4645.5,4647.10009765625,4644.2998046875,4647.10009765625,123
4647.2001953125,4647.2001953125,4645.89990234375,4646.60009765625,135
4646.2001953125,4647.60009765625,4645.7998046875,4646.7001953125,153
4646.39990234375,4649.10009765625,4646.2998046875,4648.60009765625,302
4648.60009765625,4653.39990234375,4648.39990234375,4653.39990234375,571
4653.0,4654.2001953125,4652.0,4652.2001953125,786
4652.0,4653.7998046875,4652.0,4653.2998046875,257
4653.0,4654.5,4653.0,4653.7998046875,168
4654.0,4656.89990234375,4654.0,4656.10009765625,389
4655.7998046875,4656.89990234375,4655.2001953125,4655.5,293
4655.2001953125,4659.60009765625,4655.0,4658.5,409
4658.39990234375,4659.5,4658.0,4659.10009765625,252
4659.10009765625,4659.7998046875,4658.2001953125,4659.5,308
4659.7998046875,4660.2001953125,4656.2998046875,4657.2001953125,536
4657.0,4657.89990234375,4655.7998046875,4657.39990234375,347
4657.0,4657.39990234375,4652.0,4652.7001953125,357
4652.60009765625,4653.0,4649.5,4650.2001953125,467
4649.89990234375,4650.0,4646.5,4646.60009765625,289
4646.7001953125,4649.2001953125,4644.60009765625,4648.0,741
4647.60009765625,4648.39990234375,4644.39990234375,4645.10009765625,262
4644.39990234375,4645.7001953125,4641.0,4641.2998046875,409
4641.89990234375,4642.2001953125,4637.39990234375,4639.39990234375,514
4639.5,4640.7998046875,4638.0,4638.39990234375,257
4638.2998046875,4642.60009765625,4636.7001953125,4642.2998046875,466
4642.5,4644.0,4639.5,4643.5,251
4643.2998046875,4643.60009765625,4637.5,4640.39990234375,511
4641.0,4646.2001953125,4640.60009765625,4645.0,465
4644.7998046875,4646.10009765625,4636.5,4639.0,520
4639.10009765625,4641.2998046875,4637.0,4640.7998046875,275
4641.39990234375,4644.10009765625,4640.39990234375,4641.2998046875,699
4641.39990234375,4643.10009765625,4640.0,4642.89990234375,120
4642.7998046875,4646.2998046875,4642.7998046875,4645.39990234375,185
4645.7001953125,4648.2998046875,4645.60009765625,4647.89990234375,113
4648.0,4651.7001953125,4647.89990234375,4650.7001953125,490
4650.7998046875,4652.0,4649.0,4649.2001953125,214
4648.89990234375,4649.0,4646.10009765625,4646.5,197
4646.2998046875,4648.2001953125,4645.7998046875,4647.2001953125,114
4647.2998046875,4647.5,4644.89990234375,4646.2001953125,105
4646.10009765625,4646.2001953125,4640.89990234375,4642.5,353
4642.10009765625,4646.10009765625,4642.10009765625,4646.10009765625,129
4646.2001953125,4648.5,4644.5,4648.10009765625,148
4647.39990234375,4649.0,4646.60009765625,4648.89990234375,98
4648.89990234375,4649.10009765625,4647.60009765625,4648.10009765625,170
4648.5,4648.7001953125,4644.10009765625,4645.2998046875,181
4644.89990234375,4647.7001953125,4644.2001953125,4645.2998046875,176
4645.5,4649.10009765625,4645.5,4648.0,101
4647.89990234375,4650.5,4647.2001953125,4650.0,226
4650.2001953125,4651.10009765625,4649.2998046875,4650.2001953125,128
4650.2998046875,4652.2998046875,4649.10009765625,4651.7001953125,279
4651.89990234375,4652.89990234375,4650.2001953125,4652.10009765625,383
4652.5,4654.10009765625,4652.5,4653.7998046875,456
4653.7001953125,4655.10009765625,4652.7001953125,4653.2998046875,118
4653.7001953125,4653.7001953125,4650.2998046875,4651.0,221
4651.10009765625,4654.7001953125,4650.7998046875,4654.2001953125,131
4654.39990234375,4654.7001953125,4651.2998046875,4652.39990234375,137
4652.2998046875,4653.39990234375,4652.10009765625,4652.10009765625,95
4651.7998046875,4653.2001953125,4651.2998046875,4652.7001953125,228
4652.89990234375,4653.0,4651.2001953125,4652.2001953125,108
4652.2998046875,4655.10009765625,4652.0,4654.7998046875,302
4654.89990234375,4656.2998046875,4653.5,4653.60009765625,115
4653.7001953125,4654.89990234375,4653.7001953125,4653.7998046875,74
4653.5,4655.5,4653.5,4654.7001953125,89
4655.2001953125,4655.7001953125,4652.7998046875,4654.89990234375,213
4654.7001953125,4655.0,4652.5,4653.7001953125,141
4654.10009765625,4655.5,4653.39990234375,4654.2001953125,105
4654.2998046875,4657.89990234375,4653.7998046875,4655.7998046875,278
4655.7998046875,4658.39990234375,4655.7001953125,4657.7998046875,169
4657.7998046875,4660.10009765625,4657.7001953125,4659.7001953125,401
4659.7998046875,4665.5,4658.0,4658.89990234375,1565
4658.7001953125,4660.2998046875,4657.39990234375,4658.0,188
4658.2001953125,4659.7001953125,4657.60009765625,4659.2001953125,176
4659.2001953125,4663.60009765625,4659.2001953125,4662.5,230
4662.39990234375,4663.0,4659.7998046875,4660.5,240
4660.2001953125,4661.10009765625,4657.0,4658.5,208
4658.2998046875,4659.89990234375,4657.2001953125,4657.7001953125,241
4657.60009765625,4659.60009765625,4657.0,4659.60009765625,138
4659.7998046875,4663.10009765625,4659.0,4661.89990234375,147
4662.0,4663.7998046875,4661.89990234375,4663.60009765625,207
4663.60009765625,4665.39990234375,4663.2998046875,4664.7001953125,294
4664.7998046875,4665.7998046875,4663.7001953125,4663.89990234375,115
4665.60009765625,4666.0,4663.39990234375,4663.7001953125,305
4663.5,4664.60009765625,4662.5,4664.0,176
4664.2998046875,4665.5,4663.89990234375,4664.2001953125,229
4664.0,4665.2001953125,4663.10009765625,4664.7998046875,143
4664.7001953125,4666.2998046875,4664.0,4665.7998046875,225
4665.89990234375,4667.89990234375,4665.60009765625,4666.7998046875,401
4666.89990234375,4667.7998046875,4665.2998046875,4667.2998046875,218
4667.2998046875,4668.2001953125,4666.0,4666.89990234375,125
4667.2001953125,4669.0,4666.7998046875,4667.2001953125,177
4667.60009765625,4668.10009765625,4667.0,4667.0,180
4666.89990234375,4667.89990234375,4665.7001953125,4666.5,150
4666.39990234375,4666.7998046875,4665.2998046875,4665.39990234375,125
4665.5,4665.60009765625,4664.2001953125,4665.10009765625,219
4665.2001953125,4667.10009765625,4664.7001953125,4665.7001953125,177
4665.2001953125,4669.10009765625,4665.0,4667.7001953125,314
4667.89990234375,4670.2998046875,4667.7998046875,4669.7001953125,183
4670.0,4672.5,4670.0,4671.89990234375,405
4672.0,4673.0,4670.7998046875,4671.39990234375,180
4671.5,4672.2001953125,4670.2998046875,4671.7998046875,175
4672.0,4672.2998046875,4669.89990234375,4672.2998046875,197
4672.2998046875,4672.7998046875,4669.7001953125,4669.7998046875,147
4670.0,4670.39990234375,4668.2001953125,4670.2998046875,202
4670.2998046875,4672.0,4670.10009765625,4672.0,123
4672.10009765625,4673.5,4670.60009765625,4670.7998046875,309
4670.60009765625,4673.60009765625,4670.5,4671.2998046875,132
4671.10009765625,4672.89990234375,4671.0,4672.60009765625,105
4672.39990234375,4675.0,4672.39990234375,4674.5,227
4674.2998046875,4674.39990234375,4673.39990234375,4674.2998046875,129
4674.2001953125,4674.5,4672.2001953125,4672.39990234375,151
4672.7001953125,4672.7001953125,4670.7001953125,4671.60009765625,159
4671.60009765625,4674.0,4670.39990234375,4672.10009765625,143
4672.2998046875,4673.0,4667.5,4667.7001953125,310
4667.5,4668.39990234375,4666.2998046875,4667.60009765625,431
4667.7998046875,4671.7001953125,4667.60009765625,4670.7998046875,144
4670.5,4670.7998046875,4669.10009765625,4670.10009765625,121
4669.5,4671.7998046875,4669.10009765625,4671.2001953125,121
4671.2998046875,4673.39990234375,4671.0,4673.10009765625,88
4672.5,4672.89990234375,4671.7998046875,4672.10009765625,106
4672.10009765625,4672.5,4671.10009765625,4672.2001953125,83
4672.39990234375,4673.5,4672.10009765625,4673.39990234375,94
4673.10009765625,4673.39990234375,4672.2998046875,4672.7001953125,60
4672.7998046875,4673.39990234375,4671.7001953125,4671.7998046875,97
4671.7998046875,4672.7001953125,4671.60009765625,4671.60009765625,132
4671.39990234375,4671.39990234375,4668.7998046875,4669.2001953125,132
4669.2998046875,4678.39990234375,4668.7001953125,4670.7001953125,1080
4671.0,4673.2001953125,4670.5,4671.5,132
4671.2998046875,4671.7998046875,4669.60009765625,4671.60009765625,128
4671.5,4671.5,4670.2001953125,4670.2001953125,97
4670.2998046875,4671.2998046875,4669.7001953125,4670.5,99
4670.0,4670.2998046875,4667.7998046875,4669.0,145
4669.2998046875,4670.10009765625,4668.0,4670.10009765625,112
4670.60009765625,4671.5,4670.39990234375,4671.2001953125,101
4670.89990234375,4672.0,4670.7998046875,4671.60009765625,69
4671.7998046875,4672.60009765625,4670.60009765625,4671.89990234375,109
4672.2001953125,4672.2001953125,4669.89990234375,4670.10009765625,93
4670.10009765625,4673.5,4669.7998046875,4673.10009765625,132
4673.39990234375,4673.39990234375,4672.0,4672.60009765625,106
4672.7001953125,4673.7001953125,4672.39990234375,4673.2001953125,86
4672.89990234375,4673.39990234375,4672.0,4672.7001953125,83
4673.0,4673.89990234375,4672.5,4672.7998046875,81
4672.7001953125,4674.60009765625,4672.7001953125,4674.10009765625,135
4674.2001953125,4677.2998046875,4673.89990234375,4677.0,425
4677.2998046875,4678.5,4675.89990234375,4676.7001953125,445
4676.7998046875,4677.10009765625,4675.2001953125,4675.60009765625,182
4675.7001953125,4676.7998046875,4674.89990234375,4676.60009765625,86
4676.5,4678.39990234375,4676.5,4677.7001953125,189
4677.39990234375,4679.60009765625,4677.39990234375,4678.7998046875,236
4679.0,4679.5,4678.0,4678.89990234375,144
4679.0,4679.5,4678.39990234375,4679.39990234375,96
4679.60009765625,4679.89990234375,4678.7001953125,4679.60009765625,123
4679.5,4681.7001953125,4679.0,4681.5,181
4681.60009765625,4682.2998046875,4680.7001953125,4681.2001953125,184
4681.2001953125,4682.2001953125,4680.89990234375,4681.10009765625,105
4681.7001953125,4682.39990234375,4681.2001953125,4681.89990234375,95
4681.7998046875,4684.10009765625,4681.60009765625,4682.89990234375,309
4682.89990234375,4683.10009765625,4681.2001953125,4682.5,225
4682.7001953125,4684.2998046875,4682.5,4684.2998046875,154
4684.2001953125,4685.0,4683.7001953125,4684.89990234375,266
4684.60009765625,4685.0,4684.0,4684.60009765625,191
4684.60009765625,4684.89990234375,4683.2998046875,4684.2998046875,300
4684.10009765625,4685.5,4684.10009765625,4685.0,213
4684.89990234375,4686.39990234375,4684.89990234375,4686.10009765625,203
4686.0,4687.2001953125,4685.39990234375,4686.60009765625,371
4686.7001953125,4687.10009765625,4685.2001953125,4685.7001953125,429
4685.7001953125,4686.10009765625,4684.60009765625,4686.10009765625,185
4686.2998046875,4687.89990234375,4685.89990234375,4687.39990234375,307
4687.2001953125,4689.0,4686.60009765625,4687.0,321
4687.10009765625,4688.5,4685.0,4685.60009765625,208
4685.7001953125,4687.0,4684.0,4685.10009765625,221
4685.60009765625,4687.0,4684.89990234375,4685.10009765625,163
4685.2998046875,4688.2001953125,4685.2001953125,4687.7001953125,247
4687.7998046875,4689.7998046875,4687.60009765625,4689.60009765625,289
4689.7001953125,4690.39990234375,4688.10009765625,4688.89990234375,386
4688.7998046875,4689.7998046875,4687.39990234375,4687.5,409
4687.7998046875,4689.60009765625,4686.7998046875,4687.5,302
4687.0,4687.39990234375,4683.39990234375,4683.60009765625,234
4683.10009765625,4683.60009765625,4679.7001953125,4681.0,790
4680.7001953125,4682.39990234375,4680.10009765625,4681.39990234375,336
4681.2998046875,4682.2998046875,4680.5,4681.5,210
4681.5,4682.10009765625,4680.10009765625,4681.7001953125,232
4682.10009765625,4683.2001953125,4680.39990234375,4681.2001953125,234
4681.0,4684.2001953125,4681.0,4682.7001953125,213
4682.2998046875,4683.5,4680.89990234375,4681.39990234375,240
4680.60009765625,4681.2001953125,4680.2998046875,4680.7001953125,110
4680.5,4682.7001953125,4679.89990234375,4681.60009765625,168
4681.60009765625,4681.60009765625,4676.60009765625,4678.60009765625,545
4678.2001953125,4678.89990234375,4673.39990234375,4673.60009765625,1099
4673.7998046875,4677.10009765625,4673.39990234375,4676.39990234375,180
4676.2998046875,4677.0,4675.0,4675.60009765625,140
4675.7998046875,4675.7998046875,4673.60009765625,4675.7001953125,150
4675.39990234375,4677.5,4675.2998046875,4677.5,124
4677.5,4683.0,4677.2001953125,4679.89990234375,1053
4680.0,4681.60009765625,4679.60009765625,4680.10009765625,1048
4680.39990234375,4680.5,4677.60009765625,4677.7998046875,267
4678.10009765625,4679.89990234375,4678.10009765625,4679.2998046875,129
4679.2998046875,4679.5,4678.0,4678.0,73
4678.10009765625,4679.0,4677.7998046875,4679.0,77
4678.7001953125,4679.2998046875,4678.10009765625,4678.60009765625,104
4678.89990234375,4681.89990234375,4678.7998046875,4681.7998046875,194
4681.89990234375,4682.5,4681.10009765625,4681.7998046875,98
4681.7998046875,4683.10009765625,4681.5,4682.10009765625,116
4681.89990234375,4682.2001953125,4681.2001953125,4681.89990234375,50
4681.7998046875,4681.7998046875,4680.5,4681.10009765625,67
4680.7998046875,4682.2001953125,4680.7998046875,4681.5,62
4681.5,4682.7001953125,4680.60009765625,4682.5,58
4682.60009765625,4682.89990234375,4680.39990234375,4681.10009765625,106
4681.2001953125,4681.39990234375,4680.10009765625,4681.39990234375,87
4681.2001953125,4681.5,4676.89990234375,4677.7001953125,676
4678.0,4678.10009765625,4675.5,4676.2998046875,178
4676.89990234375,4676.89990234375,4675.10009765625,4676.2001953125,219
4676.60009765625,4677.2998046875,4675.60009765625,4675.89990234375,153
4675.7998046875,4677.39990234375,4675.7998046875,4676.39990234375,122
4676.2998046875,4678.2001953125,4676.10009765625,4676.60009765625,212
4677.0,4678.5,4676.39990234375,4678.0,134
4678.2998046875,4678.60009765625,4676.2001953125,4677.7998046875,109
4677.60009765625,4678.0,4677.2998046875,4677.2998046875,37
4677.10009765625,4678.39990234375,4676.89990234375,4677.7998046875,103
4678.2001953125,4680.7001953125,4677.60009765625,4677.7001953125,455
4677.89990234375,4678.39990234375,4677.5,4678.10009765625,47
4678.39990234375,4678.7998046875,4678.2001953125,4678.2001953125,41
4678.2998046875,4679.2998046875,4678.0,4679.10009765625,34
4679.5,4679.60009765625,4678.2998046875,4678.5,48
4678.39990234375,4679.10009765625,4678.10009765625,4678.7998046875,67
4679.0,4680.60009765625,4678.60009765625,4680.60009765625,78
4680.39990234375,4681.39990234375,4680.2001953125,4680.39990234375,62
4680.2001953125,4682.7998046875,4680.2001953125,4682.7998046875,102
4683.0,4684.2001953125,4682.7998046875,4683.7998046875,113
4684.10009765625,4684.39990234375,4684.0,4684.39990234375,33
4684.2998046875,4684.39990234375,4682.7001953125,4683.10009765625,103
4682.89990234375,4683.89990234375,4682.39990234375,4683.2001953125,71
4683.60009765625,4684.5,4683.10009765625,4684.10009765625,119
4684.2001953125,4685.89990234375,4684.2001953125,4685.2001953125,315
4684.89990234375,4685.10009765625,4683.7998046875,4684.0,63
4684.10009765625,4684.2998046875,4682.7998046875,4683.0,38
4682.5,4682.7001953125,4681.39990234375,4682.2001953125,38
4682.60009765625,4682.7998046875,4681.89990234375,4682.7001953125,78
4682.5,4682.7001953125,4682.2001953125,4682.2998046875,23
4682.7998046875,4682.89990234375,4682.10009765625,4682.5,33
4682.5,4683.5,4682.5,4683.5,15
4683.5,4683.7001953125,4682.7998046875,4683.39990234375,39
4683.39990234375,4683.89990234375,4683.2001953125,4683.39990234375,27
4683.2998046875,4684.5,4683.2998046875,4684.2001953125,32
4684.2998046875,4685.2998046875,4684.2998046875,4684.89990234375,66
4684.7998046875,4685.7998046875,4684.60009765625,4684.89990234375,63
4684.89990234375,4684.89990234375,4684.2998046875,4684.39990234375,27
4684.2001953125,4684.2998046875,4683.7001953125,4684.2998046875,15
4684.2001953125,4684.7001953125,4684.2001953125,4684.60009765625,26
4684.60009765625,4684.60009765625,4683.7001953125,4684.5,39
4684.89990234375,4686.10009765625,4684.7001953125,4685.2001953125,89
4685.2998046875,4685.39990234375,4684.2998046875,4684.39990234375,64
4684.2998046875,4684.2998046875,4683.7001953125,4683.7001953125,30
4683.39990234375,4684.0,4683.2998046875,4683.39990234375,20
4682.7001953125,4683.7001953125,4682.7001953125,4683.5,63
4683.2001953125,4683.2998046875,4679.39990234375,4679.7001953125,420
4679.5,4679.7998046875,4678.10009765625,4679.60009765625,560
4679.39990234375,4679.89990234375,4677.60009765625,4678.89990234375,139
4678.60009765625,4679.5,4678.5,4679.5,34
4679.39990234375,4680.5,4679.39990234375,4680.2001953125,54
4680.5,4680.7001953125,4679.0,4679.2998046875,93
4679.39990234375,4680.7001953125,4679.39990234375,4680.60009765625,60
4681.0,4681.10009765625,4679.60009765625,4679.7998046875,39
4680.60009765625,4680.7001953125,4677.60009765625,4677.60009765625,105
4677.7998046875,4678.10009765625,4677.5,4677.7001953125,50
4678.0,4679.0,4678.0,4678.39990234375,44
4678.5,4679.2001953125,4678.10009765625,4678.89990234375,38
4678.89990234375,4678.89990234375,4678.10009765625,4678.2998046875,29
4678.5,4679.2001953125,4678.2001953125,4679.2001953125,41
4679.2998046875,4679.2998046875,4678.0,4678.5,24
4678.7998046875,4680.7001953125,4678.7998046875,4680.10009765625,89
4680.2001953125,4680.89990234375,4680.2001953125,4680.89990234375,27
4680.60009765625,4681.39990234375,4680.60009765625,4680.89990234375,45
4681.10009765625,4684.0,4680.89990234375,4682.10009765625,502
4682.39990234375,4682.89990234375,4682.0,4682.2998046875,114
4682.39990234375,4682.60009765625,4681.7998046875,4682.0,35
4682.0,4682.2001953125,4680.5,4680.5,52
4680.89990234375,4681.7001953125,4680.7998046875,4681.7001953125,24
4681.7998046875,4682.2001953125,4681.7001953125,4682.2001953125,23
4682.2998046875,4682.60009765625,4682.2001953125,4682.39990234375,30
4682.10009765625,4682.39990234375,4681.39990234375,4681.60009765625,72
4681.7001953125,4681.7001953125,4680.7998046875,4681.2001953125,91
4681.60009765625,4681.7998046875,4681.2001953125,4681.7998046875,106
4681.7998046875,4682.0,4681.0,4681.60009765625,82
4681.39990234375,4681.7998046875,4681.0,4681.7998046875,46
4682.2001953125,4683.10009765625,4681.39990234375,4681.89990234375,140
4681.5,4681.5,4679.89990234375,4679.89990234375,79
4680.2998046875,4681.7998046875,4679.2998046875,4681.7998046875,77
4681.89990234375,4682.7001953125,4680.60009765625,4680.60009765625,54
4680.39990234375,4680.39990234375,4678.7998046875,4679.2998046875,86
4679.2998046875,4679.7001953125,4675.89990234375,4677.2998046875,319
4677.89990234375,4678.5,4677.60009765625,4678.0,89
4677.89990234375,4679.7998046875,4677.60009765625,4679.7998046875,60
4679.60009765625,4679.7001953125,4678.60009765625,4678.7998046875,38
4678.7998046875,4679.2001953125,4678.39990234375,4678.60009765625,33
4678.39990234375,4678.89990234375,4678.2998046875,4678.7998046875,15
4678.7001953125,4679.10009765625,4678.0,4678.60009765625,48
4678.7001953125,4679.7998046875,4678.39990234375,4679.7998046875,36
4679.7998046875,4680.7998046875,4679.5,4680.5,41
4680.5,4680.7001953125,4679.89990234375,4680.0,48
4680.2001953125,4680.2001953125,4678.89990234375,4679.10009765625,43
4679.10009765625,4679.2998046875,4677.5,4677.7001953125,63
4677.5,4678.89990234375,4677.5,4678.89990234375,57
4678.89990234375,4679.60009765625,4678.2998046875,4679.39990234375,170
4679.39990234375,4679.7998046875,4679.2001953125,4679.7998046875,31
4679.7001953125,4680.2001953125,4679.2998046875,4679.7001953125,44
4679.7998046875,4680.39990234375,4679.39990234375,4679.39990234375,51
4679.7998046875,4680.2998046875,4679.2001953125,4679.89990234375,51
4679.5,4680.2998046875,4679.39990234375,4680.2001953125,41
4680.0,4680.2001953125,4679.5,4679.5,48
4679.7001953125,4680.10009765625,4679.2998046875,4679.2998046875,45
4679.5,4679.7998046875,4679.0,4679.39990234375,38
4679.2998046875,4679.2998046875,4678.60009765625,4678.7998046875,39
4678.7001953125,4678.7001953125,4675.39990234375,4676.10009765625,157
4675.7001953125,4676.39990234375,4675.2998046875,4675.60009765625,73
4675.2998046875,4676.7998046875,4675.10009765625,4676.2998046875,79
4676.5,4676.89990234375,4675.2998046875,4675.2998046875,83
4675.89990234375,4676.2001953125,4675.2998046875,4675.5,45
4675.7001953125,4676.2001953125,4674.7001953125,4675.0,69
4674.7998046875,4675.2998046875,4674.0,4674.10009765625,69
4674.60009765625,4674.89990234375,4673.0,4674.0,147
4674.0,4674.5,4673.2001953125,4673.7001953125,45
4673.7998046875,4674.60009765625,4673.7001953125,4674.2998046875,34
4674.7001953125,4675.60009765625,4674.39990234375,4674.39990234375,62
4674.2998046875,4675.0,4673.10009765625,4674.89990234375,47
4675.39990234375,4676.7001953125,4675.0,4676.2998046875,85
4675.89990234375,4676.60009765625,4675.60009765625,4676.2998046875,47
4676.0,4676.39990234375,4675.39990234375,4676.0,55
4675.7998046875,4676.7998046875,4675.7001953125,4676.5,72
4676.2998046875,4676.2998046875,4675.0,4675.39990234375,51
4675.39990234375,4675.7998046875,4674.5,4675.7998046875,60
4676.60009765625,4676.7998046875,4675.2001953125,4675.2998046875,80
4675.5,4678.2001953125,4675.10009765625,4678.0,83
4678.2998046875,4679.60009765625,4678.0,4678.7998046875,157
4678.89990234375,4680.2998046875,4678.89990234375,4680.10009765625,107
4679.7001953125,4680.2998046875,4678.2998046875,4678.7998046875,131
4678.89990234375,4679.5,4678.60009765625,4679.39990234375,50
4679.2998046875,4680.2001953125,4679.2001953125,4679.7998046875,54
4679.89990234375,4680.60009765625,4679.39990234375,4679.5,64
4679.10009765625,4679.89990234375,4678.7001953125,4679.89990234375,65
4679.60009765625,4679.7001953125,4676.10009765625,4677.89990234375,249
4678.10009765625,4678.2998046875,4676.2001953125,4676.2998046875,60
4676.2998046875,4676.2998046875,4674.7998046875,4675.5,82
4675.2998046875,4676.2998046875,4674.7001953125,4674.89990234375,120
4674.7998046875,4675.2001953125,4673.0,4674.7001953125,206
4674.60009765625,4674.7998046875,4672.7001953125,4672.89990234375,82
4673.10009765625,4673.7998046875,4672.60009765625,4673.60009765625,42
4673.0,4674.7001953125,4672.7001953125,4673.7001953125,41
4674.0,4674.7998046875,4673.2001953125,4674.7001953125,65
4674.5,4674.7998046875,4674.2998046875,4674.7998046875,15
4674.7001953125,4674.89990234375,4674.2998046875,4674.39990234375,24
4674.10009765625,4675.39990234375,4674.10009765625,4674.7998046875,48
4674.5,4674.60009765625,4673.89990234375,4673.89990234375,31
4674.2001953125,4674.39990234375,4673.0,4674.39990234375,65
4674.0,4674.5,4673.60009765625,4673.7001953125,33
4674.10009765625,4674.7001953125,4673.5,4674.2001953125,52
4674.2998046875,4674.39990234375,4674.10009765625,4674.10009765625,14
4674.2998046875,4674.39990234375,4673.60009765625,4674.39990234375,37
4674.2998046875,4675.2001953125,4674.2998046875,4674.60009765625,41
4674.5,4674.60009765625,4674.2998046875,4674.60009765625,9
4674.39990234375,4675.0,4673.60009765625,4673.60009765625,37
4673.7998046875,4674.0,4672.2001953125,4672.2001953125,34
4672.0,4672.2998046875,4671.89990234375,4672.10009765625,50
4672.2998046875,4672.39990234375,4670.2998046875,4670.5,102
4670.2001953125,4670.2998046875,4668.7001953125,4670.10009765625,106
4670.2998046875,4670.60009765625,4669.2001953125,4669.2001953125,42
4669.5,4670.7998046875,4669.5,4669.89990234375,27
4669.7001953125,4669.7001953125,4668.89990234375,4668.89990234375,18
4669.39990234375,4669.89990234375,4668.0,4668.10009765625,18
4668.5,4668.60009765625,4667.7001953125,4668.5,24
4668.60009765625,4668.60009765625,4668.0,4668.39990234375,22
4668.0,4669.10009765625,4668.0,4668.39990234375,15
4668.60009765625,4668.60009765625,4667.60009765625,4668.10009765625,25
4668.5,4669.2001953125,4668.2001953125,4668.39990234375,40
4668.7001953125,4668.7998046875,4668.0,4668.0,26
4668.0,4669.2001953125,4667.5,4669.2001953125,33
4669.2998046875,4669.39990234375,4668.39990234375,4668.60009765625,34
4668.39990234375,4668.5,4667.7001953125,4668.0,22
4668.0,4668.60009765625,4667.7998046875,4668.39990234375,31
4668.60009765625,4668.7998046875,4668.0,4668.5,12
4668.10009765625,4668.10009765625,4667.60009765625,4667.60009765625,6
4668.2001953125,4669.2998046875,4668.2001953125,4668.7998046875,16
4668.5,4669.60009765625,4667.7998046875,4667.7998046875,36
4667.39990234375,4667.5,4665.39990234375,4665.7001953125,83
4665.7001953125,4666.7001953125,4665.39990234375,4666.0,33
4666.0,4667.39990234375,4665.7998046875,4667.39990234375,24
4666.89990234375,4667.2998046875,4666.60009765625,4667.0,23
4667.2001953125,4667.2001953125,4665.7998046875,4666.10009765625,38
4666.2998046875,4666.2998046875,4665.7001953125,4665.7001953125,10
4665.7998046875,4666.2001953125,4665.60009765625,4665.7998046875,9
4666.39990234375,4666.39990234375,4665.2998046875,4665.89990234375,48
4665.89990234375,4666.2998046875,4665.2001953125,4665.7001953125,56
4665.60009765625,4665.89990234375,4663.5,4664.7001953125,78
4664.7001953125,4665.10009765625,4661.0,4662.2001953125,142
4662.2001953125,4664.2998046875,4662.2001953125,4664.0,31
4663.2001953125,4664.89990234375,4663.0,4663.2998046875,77
4663.60009765625,4663.7998046875,4661.39990234375,4662.39990234375,83
4662.39990234375,4662.7998046875,4661.39990234375,4662.7001953125,29
4662.7998046875,4662.89990234375,4662.0,4662.60009765625,30
4662.7001953125,4663.5,4661.89990234375,4663.2001953125,79
4662.5,4663.2001953125,4661.60009765625,4661.89990234375,81
4661.7998046875,4662.7998046875,4661.0,4661.2001953125,98
4661.39990234375,4662.60009765625,4661.0,4662.60009765625,53
4662.39990234375,4662.5,4661.5,4661.89990234375,31
4661.7998046875,4680.60009765625,4661.10009765625,4680.60009765625,69
